{
  "fio version" : "fio-3.13",
  "timestamp" : 1733677189,
  "timestamp_ms" : 1733677189198,
  "time" : "Sun Dec  8 16:59:49 2024",
  "global options" : {
    "ioengine" : "libaio",
    "direct" : "1",
    "bs" : "8k",
    "size" : "5G",
    "runtime" : "60",
    "numjobs" : "4",
    "iodepth" : "64",
    "filename" : "/datadir/datafile"
  },
  "jobs" : [
    {
      "jobname" : "random_rw",
      "groupid" : 0,
      "error" : 0,
      "eta" : 0,
      "elapsed" : 121,
      "job options" : {
        "rw" : "randrw",
        "rwmixread" : "70"
      },
      "read" : {
        "io_bytes" : 4308934656,
        "io_kbytes" : 4207944,
        "bw_bytes" : 71617436,
        "bw" : 69938,
        "iops" : 8742.362796,
        "runtime" : 60166,
        "total_ios" : 525993,
        "short_ios" : 0,
        "drop_ios" : 0,
        "slat_ns" : {
          "min" : 1912,
          "max" : 142069090,
          "mean" : 9176.555793,
          "stddev" : 324826.219906
        },
        "clat_ns" : {
          "min" : 59578,
          "max" : 316484249,
          "mean" : 20079193.279852,
          "stddev" : 12286965.318072,
          "percentile" : {
            "1.000000" : 2768896,
            "5.000000" : 5144576,
            "10.000000" : 7307264,
            "20.000000" : 10682368,
            "30.000000" : 13434880,
            "40.000000" : 15925248,
            "50.000000" : 18219008,
            "60.000000" : 20840448,
            "70.000000" : 23986176,
            "80.000000" : 27656192,
            "90.000000" : 33816576,
            "95.000000" : 40108032,
            "99.000000" : 55836672,
            "99.500000" : 67633152,
            "99.900000" : 132644864,
            "99.950000" : 160432128,
            "99.990000" : 193986560
          }
        },
        "lat_ns" : {
          "min" : 667930,
          "max" : 316487029,
          "mean" : 20088563.600856,
          "stddev" : 12290086.784250
        },
        "bw_min" : 27845,
        "bw_max" : 65762,
        "bw_agg" : 69.897299,
        "bw_mean" : 48884.773109,
        "bw_dev" : 1743.935989,
        "bw_samples" : 476,
        "iops_min" : 3479,
        "iops_max" : 8218,
        "iops_mean" : 6108.983193,
        "iops_stddev" : 217.971484,
        "iops_samples" : 476
      },
      "write" : {
        "io_bytes" : 1850703872,
        "io_kbytes" : 1807328,
        "bw_bytes" : 30759961,
        "bw" : 30039,
        "iops" : 3754.878170,
        "runtime" : 60166,
        "total_ios" : 225916,
        "short_ios" : 0,
        "drop_ios" : 0,
        "slat_ns" : {
          "min" : 2187,
          "max" : 146500660,
          "mean" : 874382.812926,
          "stddev" : 2819680.265217
        },
        "clat_ns" : {
          "min" : 82845,
          "max" : 256382256,
          "mean" : 20444779.230236,
          "stddev" : 12889684.581707,
          "percentile" : {
            "1.000000" : 2932736,
            "5.000000" : 5341184,
            "10.000000" : 7503872,
            "20.000000" : 10813440,
            "30.000000" : 13697024,
            "40.000000" : 16187392,
            "50.000000" : 18481152,
            "60.000000" : 21102592,
            "70.000000" : 24248320,
            "80.000000" : 27918336,
            "90.000000" : 34340864,
            "95.000000" : 40632320,
            "99.000000" : 58982400,
            "99.500000" : 78118912,
            "99.900000" : 154140672,
            "99.950000" : 168820736,
            "99.990000" : 193986560
          }
        },
        "lat_ns" : {
          "min" : 1095362,
          "max" : 256388047,
          "mean" : 21319528.072483,
          "stddev" : 13295978.527412
        },
        "bw_min" : 12517,
        "bw_max" : 28745,
        "bw_agg" : 69.883157,
        "bw_mean" : 20992.201681,
        "bw_dev" : 763.601287,
        "bw_samples" : 476,
        "iops_min" : 1564,
        "iops_max" : 3591,
        "iops_mean" : 2622.252101,
        "iops_stddev" : 95.432899,
        "iops_samples" : 476
      },
      "trim" : {
        "io_bytes" : 0,
        "io_kbytes" : 0,
        "bw_bytes" : 0,
        "bw" : 0,
        "iops" : 0.000000,
        "runtime" : 0,
        "total_ios" : 0,
        "short_ios" : 0,
        "drop_ios" : 0,
        "slat_ns" : {
          "min" : 0,
          "max" : 0,
          "mean" : 0.000000,
          "stddev" : 0.000000
        },
        "clat_ns" : {
          "min" : 0,
          "max" : 0,
          "mean" : 0.000000,
          "stddev" : 0.000000,
          "percentile" : {
            "1.000000" : 0,
            "5.000000" : 0,
            "10.000000" : 0,
            "20.000000" : 0,
            "30.000000" : 0,
            "40.000000" : 0,
            "50.000000" : 0,
            "60.000000" : 0,
            "70.000000" : 0,
            "80.000000" : 0,
            "90.000000" : 0,
            "95.000000" : 0,
            "99.000000" : 0,
            "99.500000" : 0,
            "99.900000" : 0,
            "99.950000" : 0,
            "99.990000" : 0
          }
        },
        "lat_ns" : {
          "min" : 0,
          "max" : 0,
          "mean" : 0.000000,
          "stddev" : 0.000000
        },
        "bw_min" : 0,
        "bw_max" : 0,
        "bw_agg" : 0.000000,
        "bw_mean" : 0.000000,
        "bw_dev" : 0.000000,
        "bw_samples" : 0,
        "iops_min" : 0,
        "iops_max" : 0,
        "iops_mean" : 0.000000,
        "iops_stddev" : 0.000000,
        "iops_samples" : 0
      },
      "sync" : {
        "lat_ns" : {
          "min" : 0,
          "max" : 0,
          "mean" : 0.000000,
          "stddev" : 0.000000,
          "percentile" : {
            "1.000000" : 0,
            "5.000000" : 0,
            "10.000000" : 0,
            "20.000000" : 0,
            "30.000000" : 0,
            "40.000000" : 0,
            "50.000000" : 0,
            "60.000000" : 0,
            "70.000000" : 0,
            "80.000000" : 0,
            "90.000000" : 0,
            "95.000000" : 0,
            "99.000000" : 0,
            "99.500000" : 0,
            "99.900000" : 0,
            "99.950000" : 0,
            "99.990000" : 0
          }
        },
        "total_ios" : 0
      },
      "job_runtime" : 240415,
      "usr_cpu" : 0.497473,
      "sys_cpu" : 2.053532,
      "ctx" : 652408,
      "majf" : 0,
      "minf" : 59,
      "iodepth_level" : {
        "1" : 0.100000,
        "2" : 0.100000,
        "4" : 0.100000,
        "8" : 0.100000,
        "16" : 0.100000,
        "32" : 0.100000,
        ">=64" : 99.966485
      },
      "iodepth_submit" : {
        "0" : 0.000000,
        "4" : 100.000000,
        "8" : 0.000000,
        "16" : 0.000000,
        "32" : 0.000000,
        "64" : 0.000000,
        ">=64" : 0.000000
      },
      "iodepth_complete" : {
        "0" : 0.000000,
        "4" : 99.999468,
        "8" : 0.000000,
        "16" : 0.000000,
        "32" : 0.000000,
        "64" : 0.100000,
        ">=64" : 0.000000
      },
      "latency_ns" : {
        "2" : 0.000000,
        "4" : 0.000000,
        "10" : 0.000000,
        "20" : 0.000000,
        "50" : 0.000000,
        "100" : 0.000000,
        "250" : 0.000000,
        "500" : 0.000000,
        "750" : 0.000000,
        "1000" : 0.000000
      },
      "latency_us" : {
        "2" : 0.000000,
        "4" : 0.000000,
        "10" : 0.000000,
        "20" : 0.000000,
        "50" : 0.000000,
        "100" : 0.010000,
        "250" : 0.010000,
        "500" : 0.010000,
        "750" : 0.010000,
        "1000" : 0.010000
      },
      "latency_ms" : {
        "2" : 0.204014,
        "4" : 2.550176,
        "10" : 14.818948,
        "20" : 38.714791,
        "50" : 41.959200,
        "100" : 1.517471,
        "250" : 0.231943,
        "500" : 0.010000,
        "750" : 0.000000,
        "1000" : 0.000000,
        "2000" : 0.000000,
        ">=2000" : 0.000000
      },
      "latency_depth" : 64,
      "latency_target" : 0,
      "latency_percentile" : 100.000000,