{
  "fio version" : "fio-3.13",
  "timestamp" : 1733676882,
  "timestamp_ms" : 1733676882892,
  "time" : "Sun Dec  8 16:54:42 2024",
  "global options" : {
    "ioengine" : "libaio",
    "direct" : "1",
    "bs" : "8k",
    "size" : "5G",
    "runtime" : "60",
    "numjobs" : "2",
    "iodepth" : "64",
    "filename" : "/datadir/datafile"
  },
  "jobs" : [
    {
      "jobname" : "random_rw",
      "groupid" : 0,
      "error" : 0,
      "eta" : 0,
      "elapsed" : 121,
      "job options" : {
        "rw" : "randrw",
        "rwmixread" : "70"
      },
      "read" : {
        "io_bytes" : 3999924224,
        "io_kbytes" : 3906176,
        "bw_bytes" : 66526806,
        "bw" : 64967,
        "iops" : 8120.948025,
        "runtime" : 60125,
        "total_ios" : 488272,
        "short_ios" : 0,
        "drop_ios" : 0,
        "slat_ns" : {
          "min" : 1882,
          "max" : 99543191,
          "mean" : 9286.960356,
          "stddev" : 214076.335174
        },
        "clat_ns" : {
          "min" : 100751,
          "max" : 235147077,
          "mean" : 10893388.370291,
          "stddev" : 7342293.584444,
          "percentile" : {
            "1.000000" : 2179072,
            "5.000000" : 3063808,
            "10.000000" : 3948544,
            "20.000000" : 5472256,
            "30.000000" : 7045120,
            "40.000000" : 8585216,
            "50.000000" : 10027008,
            "60.000000" : 11599872,
            "70.000000" : 13172736,
            "80.000000" : 15007744,
            "90.000000" : 17694720,
            "95.000000" : 20840448,
            "99.000000" : 29753344,
            "99.500000" : 36438016,
            "99.900000" : 98041856,
            "99.950000" : 115867648,
            "99.990000" : 166723584
          }
        },
        "lat_ns" : {
          "min" : 889554,
          "max" : 235209822,
          "mean" : 10902851.960809,
          "stddev" : 7344315.170377
        },
        "bw_min" : 26541,
        "bw_max" : 81506,
        "bw_agg" : 68.492136,
        "bw_mean" : 44497.285714,
        "bw_dev" : 4761.383263,
        "bw_samples" : 238,
        "iops_min" : 3316,
        "iops_max" : 10187,
        "iops_mean" : 5561.319328,
        "iops_stddev" : 595.159154,
        "iops_samples" : 238
      },
      "write" : {
        "io_bytes" : 1719279616,
        "io_kbytes" : 1678984,
        "bw_bytes" : 28595087,
        "bw" : 27924,
        "iops" : 3490.611227,
        "runtime" : 60125,
        "total_ios" : 209873,
        "short_ios" : 0,
        "drop_ios" : 0,
        "slat_ns" : {
          "min" : 2221,
          "max" : 103423034,
          "mean" : 32429.979835,
          "stddev" : 507694.717039
        },
        "clat_ns" : {
          "min" : 183246,
          "max" : 218814077,
          "mean" : 11228293.042330,
          "stddev" : 8204585.263522,
          "percentile" : {
            "1.000000" : 2342912,
            "5.000000" : 3260416,
            "10.000000" : 4112384,
            "20.000000" : 5668864,
            "30.000000" : 7241728,
            "40.000000" : 8716288,
            "50.000000" : 10289152,
            "60.000000" : 11862016,
            "70.000000" : 13434880,
            "80.000000" : 15269888,
            "90.000000" : 18219008,
            "95.000000" : 21102592,
            "99.000000" : 31588352,
            "99.500000" : 45350912,
            "99.900000" : 112721920,
            "99.950000" : 137363456,
            "99.990000" : 177209344
          }
        },
        "lat_ns" : {
          "min" : 1188849,
          "max" : 218821645,
          "mean" : 11260913.913943,
          "stddev" : 8222621.866681
        },
        "bw_min" : 11543,
        "bw_max" : 35085,
        "bw_agg" : 68.495189,
        "bw_mean" : 19126.596639,
        "bw_dev" : 2062.757066,
        "bw_samples" : 238,
        "iops_min" : 1442,
        "iops_max" : 4385,
        "iops_mean" : 2389.983193,
        "iops_stddev" : 257.859029,
        "iops_samples" : 238
      },
      "trim" : {
        "io_bytes" : 0,
        "io_kbytes" : 0,
        "bw_bytes" : 0,
        "bw" : 0,
        "iops" : 0.000000,
        "runtime" : 0,
        "total_ios" : 0,
        "short_ios" : 0,
        "drop_ios" : 0,
        "slat_ns" : {
          "min" : 0,
          "max" : 0,
          "mean" : 0.000000,
          "stddev" : 0.000000
        },
        "clat_ns" : {
          "min" : 0,
          "max" : 0,
          "mean" : 0.000000,
          "stddev" : 0.000000,
          "percentile" : {
            "1.000000" : 0,
            "5.000000" : 0,
            "10.000000" : 0,
            "20.000000" : 0,
            "30.000000" : 0,
            "40.000000" : 0,
            "50.000000" : 0,
            "60.000000" : 0,
            "70.000000" : 0,
            "80.000000" : 0,
            "90.000000" : 0,
            "95.000000" : 0,
            "99.000000" : 0,
            "99.500000" : 0,
            "99.900000" : 0,
            "99.950000" : 0,
            "99.990000" : 0
          }
        },
        "lat_ns" : {
          "min" : 0,
          "max" : 0,
          "mean" : 0.000000,
          "stddev" : 0.000000
        },
        "bw_min" : 0,
        "bw_max" : 0,
        "bw_agg" : 0.000000,
        "bw_mean" : 0.000000,
        "bw_dev" : 0.000000,
        "bw_samples" : 0,
        "iops_min" : 0,
        "iops_max" : 0,
        "iops_mean" : 0.000000,
        "iops_stddev" : 0.000000,
        "iops_samples" : 0
      },
      "sync" : {
        "lat_ns" : {
          "min" : 0,
          "max" : 0,
          "mean" : 0.000000,
          "stddev" : 0.000000,
          "percentile" : {
            "1.000000" : 0,
            "5.000000" : 0,
            "10.000000" : 0,
            "20.000000" : 0,
            "30.000000" : 0,
            "40.000000" : 0,
            "50.000000" : 0,
            "60.000000" : 0,
            "70.000000" : 0,
            "80.000000" : 0,
            "90.000000" : 0,
            "95.000000" : 0,
            "99.000000" : 0,
            "99.500000" : 0,
            "99.900000" : 0,
            "99.950000" : 0,
            "99.990000" : 0
          }
        },
        "total_ios" : 0
      },
      "job_runtime" : 120132,
      "usr_cpu" : 1.142077,
      "sys_cpu" : 4.155429,
      "ctx" : 474558,
      "majf" : 0,
      "minf" : 25,
      "iodepth_level" : {
        "1" : 0.100000,
        "2" : 0.100000,
        "4" : 0.100000,
        "8" : 0.100000,
        "16" : 0.100000,
        "32" : 0.100000,
        ">=64" : 99.981952
      },
      "iodepth_submit" : {
        "0" : 0.000000,
        "4" : 100.000000,
        "8" : 0.000000,
        "16" : 0.000000,
        "32" : 0.000000,
        "64" : 0.000000,
        ">=64" : 0.000000
      },
      "iodepth_complete" : {
        "0" : 0.000000,
        "4" : 99.999713,
        "8" : 0.000000,
        "16" : 0.000000,
        "32" : 0.000000,
        "64" : 0.100000,
        ">=64" : 0.000000
      },
      "latency_ns" : {
        "2" : 0.000000,
        "4" : 0.000000,
        "10" : 0.000000,
        "20" : 0.000000,
        "50" : 0.000000,
        "100" : 0.000000,
        "250" : 0.000000,
        "500" : 0.000000,
        "750" : 0.000000,
        "1000" : 0.000000
      },
      "latency_us" : {
        "2" : 0.000000,
        "4" : 0.000000,
        "10" : 0.000000,
        "20" : 0.000000,
        "50" : 0.000000,
        "100" : 0.000000,
        "250" : 0.010000,
        "500" : 0.010000,
        "750" : 0.010000,
        "1000" : 0.010000
      },
      "latency_ms" : {
        "2" : 0.438734,
        "4" : 9.660887,
        "10" : 38.979152,
        "20" : 44.787114,
        "50" : 5.785045,
        "100" : 0.235051,
        "250" : 0.110865,
        "500" : 0.000000,
        "750" : 0.000000,
        "1000" : 0.000000,
        "2000" : 0.000000,
        ">=2000" : 0.000000
      },
      "latency_depth" : 64,
      "latency_target" : 0,
      "latency_percentile" : 100.000000,