{
  "fio version" : "fio-3.13",
  "timestamp" : 1733677437,
  "timestamp_ms" : 1733677437227,
  "time" : "Sun Dec  8 17:03:57 2024",
  "global options" : {
    "ioengine" : "libaio",
    "direct" : "1",
    "bs" : "8k",
    "size" : "5G",
    "runtime" : "60",
    "numjobs" : "16",
    "iodepth" : "64",
    "filename" : "/datadir/datafile"
  },
  "jobs" : [
    {
      "jobname" : "random_rw",
      "groupid" : 0,
      "error" : 0,
      "eta" : 0,
      "elapsed" : 121,
      "job options" : {
        "rw" : "randrw",
        "rwmixread" : "70"
      },
      "read" : {
        "io_bytes" : 3672547328,
        "io_kbytes" : 3586472,
        "bw_bytes" : 61195863,
        "bw" : 59761,
        "iops" : 7470.198124,
        "runtime" : 60013,
        "total_ios" : 448309,
        "short_ios" : 0,
        "drop_ios" : 0,
        "slat_ns" : {
          "min" : 2008,
          "max" : 172685557,
          "mean" : 27946.486274,
          "stddev" : 986318.393453
        },
        "clat_ns" : {
          "min" : 971712,
          "max" : 873823558,
          "mean" : 93582811.609863,
          "stddev" : 65085203.057918,
          "percentile" : {
            "1.000000" : 4489216,
            "5.000000" : 11862016,
            "10.000000" : 20316160,
            "20.000000" : 36962304,
            "30.000000" : 52166656,
            "40.000000" : 66846720,
            "50.000000" : 82313216,
            "60.000000" : 98041856,
            "70.000000" : 117964800,
            "80.000000" : 141557760,
            "90.000000" : 179306496,
            "95.000000" : 214958080,
            "99.000000" : 295698432,
            "99.500000" : 325058560,
            "99.900000" : 404750336,
            "99.950000" : 442499072,
            "99.990000" : 541065216
          }
        },
        "lat_ns" : {
          "min" : 1067783,
          "max" : 873826949,
          "mean" : 93611000.708458,
          "stddev" : 65097944.396933
        },
        "bw_min" : 14803,
        "bw_max" : 96308,
        "bw_agg" : 79.759684,
        "bw_mean" : 47665.184874,
        "bw_dev" : 979.704632,
        "bw_samples" : 1904,
        "iops_min" : 1843,
        "iops_max" : 12032,
        "iops_mean" : 5951.596639,
        "iops_stddev" : 122.459515,
        "iops_samples" : 1904
      },
      "write" : {
        "io_bytes" : 1576599552,
        "io_kbytes" : 1539648,
        "bw_bytes" : 26270967,
        "bw" : 25655,
        "iops" : 3206.905171,
        "runtime" : 60013,
        "total_ios" : 192456,
        "short_ios" : 0,
        "drop_ios" : 0,
        "slat_ns" : {
          "min" : 2327,
          "max" : 410484260,
          "mean" : 4855989.365242,
          "stddev" : 16346410.291486
        },
        "clat_ns" : {
          "min" : 829972,
          "max" : 873883053,
          "mean" : 95611446.908104,
          "stddev" : 65588247.443567,
          "percentile" : {
            "1.000000" : 5079040,
            "5.000000" : 12779520,
            "10.000000" : 21626880,
            "20.000000" : 38535168,
            "30.000000" : 53739520,
            "40.000000" : 68681728,
            "50.000000" : 83361792,
            "60.000000" : 100139008,
            "70.000000" : 120061952,
            "80.000000" : 145752064,
            "90.000000" : 183500800,
            "95.000000" : 217055232,
            "99.000000" : 299892736,
            "99.500000" : 329252864,
            "99.900000" : 408944640,
            "99.950000" : 446693376,
            "99.990000" : 541065216
          }
        },
        "lat_ns" : {
          "min" : 1364799,
          "max" : 873887266,
          "mean" : 100468031.276193,
          "stddev" : 68172797.702083
        },
        "bw_min" : 6159,
        "bw_max" : 42036,
        "bw_agg" : 79.743494,
        "bw_mean" : 20458.193277,
        "bw_dev" : 422.650789,
        "bw_samples" : 1904,
        "iops_min" : 763,
        "iops_max" : 5248,
        "iops_mean" : 2550.605042,
        "iops_stddev" : 52.832095,
        "iops_samples" : 1904
      },
      "trim" : {
        "io_bytes" : 0,
        "io_kbytes" : 0,
        "bw_bytes" : 0,
        "bw" : 0,
        "iops" : 0.000000,
        "runtime" : 0,
        "total_ios" : 0,
        "short_ios" : 0,
        "drop_ios" : 0,
        "slat_ns" : {
          "min" : 0,
          "max" : 0,
          "mean" : 0.000000,
          "stddev" : 0.000000
        },
        "clat_ns" : {
          "min" : 0,
          "max" : 0,
          "mean" : 0.000000,
          "stddev" : 0.000000,
          "percentile" : {
            "1.000000" : 0,
            "5.000000" : 0,
            "10.000000" : 0,
            "20.000000" : 0,
            "30.000000" : 0,
            "40.000000" : 0,
            "50.000000" : 0,
            "60.000000" : 0,
            "70.000000" : 0,
            "80.000000" : 0,
            "90.000000" : 0,
            "95.000000" : 0,
            "99.000000" : 0,
            "99.500000" : 0,
            "99.900000" : 0,
            "99.950000" : 0,
            "99.990000" : 0
          }
        },
        "lat_ns" : {
          "min" : 0,
          "max" : 0,
          "mean" : 0.000000,
          "stddev" : 0.000000
        },
        "bw_min" : 0,
        "bw_max" : 0,
        "bw_agg" : 0.000000,
        "bw_mean" : 0.000000,
        "bw_dev" : 0.000000,
        "bw_samples" : 0,
        "iops_min" : 0,
        "iops_max" : 0,
        "iops_mean" : 0.000000,
        "iops_stddev" : 0.000000,
        "iops_samples" : 0
      },
      "sync" : {
        "lat_ns" : {
          "min" : 0,
          "max" : 0,
          "mean" : 0.000000,
          "stddev" : 0.000000,
          "percentile" : {
            "1.000000" : 0,
            "5.000000" : 0,
            "10.000000" : 0,
            "20.000000" : 0,
            "30.000000" : 0,
            "40.000000" : 0,
            "50.000000" : 0,
            "60.000000" : 0,
            "70.000000" : 0,
            "80.000000" : 0,
            "90.000000" : 0,
            "95.000000" : 0,
            "99.000000" : 0,
            "99.500000" : 0,
            "99.900000" : 0,
            "99.950000" : 0,
            "99.990000" : 0
          }
        },
        "total_ios" : 0
      },
      "job_runtime" : 960152,
      "usr_cpu" : 0.098734,
      "sys_cpu" : 0.533561,
      "ctx" : 665928,
      "majf" : 0,
      "minf" : 188,
      "iodepth_level" : {
        "1" : 0.100000,
        "2" : 0.100000,
        "4" : 0.100000,
        "8" : 0.100000,
        "16" : 0.100000,
        "32" : 0.100000,
        ">=64" : 99.842688
      },
      "iodepth_submit" : {
        "0" : 0.000000,
        "4" : 100.000000,
        "8" : 0.000000,
        "16" : 0.000000,
        "32" : 0.000000,
        "64" : 0.000000,
        ">=64" : 0.000000
      },
      "iodepth_complete" : {
        "0" : 0.000000,
        "4" : 99.997499,
        "8" : 0.000000,
        "16" : 0.000000,
        "32" : 0.000000,
        "64" : 0.100000,
        ">=64" : 0.000000
      },
      "latency_ns" : {
        "2" : 0.000000,
        "4" : 0.000000,
        "10" : 0.000000,
        "20" : 0.000000,
        "50" : 0.000000,
        "100" : 0.000000,
        "250" : 0.000000,
        "500" : 0.000000,
        "750" : 0.000000,
        "1000" : 0.000000
      },
      "latency_us" : {
        "2" : 0.000000,
        "4" : 0.000000,
        "10" : 0.000000,
        "20" : 0.000000,
        "50" : 0.000000,
        "100" : 0.000000,
        "250" : 0.000000,
        "500" : 0.000000,
        "750" : 0.000000,
        "1000" : 0.010000
      },
      "latency_ms" : {
        "2" : 0.046975,
        "4" : 0.648912,
        "10" : 3.180417,
        "20" : 5.650121,
        "50" : 18.613376,
        "100" : 32.447933,
        "250" : 36.896210,
        "500" : 2.498264,
        "750" : 0.010000,
        "1000" : 0.010000,
        "2000" : 0.000000,
        ">=2000" : 0.000000
      },
      "latency_depth" : 64,
      "latency_target" : 0,