{
  "fio version" : "fio-3.13",
  "timestamp" : 1733677355,
  "timestamp_ms" : 1733677355650,
  "time" : "Sun Dec  8 17:02:35 2024",
  "global options" : {
    "ioengine" : "libaio",
    "direct" : "1",
    "bs" : "8k",
    "size" : "5G",
    "runtime" : "60",
    "numjobs" : "8",
    "iodepth" : "64",
    "filename" : "/datadir/datafile"
  },
  "jobs" : [
    {
      "jobname" : "random_rw",
      "groupid" : 0,
      "error" : 0,
      "eta" : 0,
      "elapsed" : 121,
      "job options" : {
        "rw" : "randrw",
        "rwmixread" : "70"
      },
      "read" : {
        "io_bytes" : 4228120576,
        "io_kbytes" : 4129024,
        "bw_bytes" : 70392417,
        "bw" : 68742,
        "iops" : 8592.824440,
        "runtime" : 60065,
        "total_ios" : 516128,
        "short_ios" : 0,
        "drop_ios" : 0,
        "slat_ns" : {
          "min" : 1966,
          "max" : 65251657,
          "mean" : 12167.412921,
          "stddev" : 310874.239102
        },
        "clat_ns" : {
          "min" : 251452,
          "max" : 299079885,
          "mean" : 40755991.615171,
          "stddev" : 27017091.766593,
          "percentile" : {
            "1.000000" : 3227648,
            "5.000000" : 6979584,
            "10.000000" : 10813440,
            "20.000000" : 17432576,
            "30.000000" : 23199744,
            "40.000000" : 29491200,
            "50.000000" : 35913728,
            "60.000000" : 42729472,
            "70.000000" : 51118080,
            "80.000000" : 61079552,
            "90.000000" : 76021760,
            "95.000000" : 90701824,
            "99.000000" : 125304832,
            "99.500000" : 139460608,
            "99.900000" : 179306496,
            "99.950000" : 198180864,
            "99.990000" : 240123904
          }
        },
        "lat_ns" : {
          "min" : 970483,
          "max" : 299083412,
          "mean" : 40768327.127939,
          "stddev" : 27019044.707185
        },
        "bw_min" : 21331,
        "bw_max" : 79860,
        "bw_agg" : 70.957513,
        "bw_mean" : 48777.613445,
        "bw_dev" : 1248.240577,
        "bw_samples" : 952,
        "iops_min" : 2663,
        "iops_max" : 9979,
        "iops_mean" : 6093.722689,
        "iops_stddev" : 156.039396,
        "iops_samples" : 952
      },
      "write" : {
        "io_bytes" : 1811668992,
        "io_kbytes" : 1769208,
        "bw_bytes" : 30161807,
        "bw" : 29454,
        "iops" : 3681.861317,
        "runtime" : 60065,
        "total_ios" : 221151,
        "short_ios" : 0,
        "drop_ios" : 0,
        "slat_ns" : {
          "min" : 2381,
          "max" : 135840876,
          "mean" : 2040427.270901,
          "stddev" : 6821975.319448
        },
        "clat_ns" : {
          "min" : 77567,
          "max" : 299194167,
          "mean" : 41643326.320048,
          "stddev" : 27151043.328521,
          "percentile" : {
            "1.000000" : 3719168,
            "5.000000" : 7569408,
            "10.000000" : 11468800,
            "20.000000" : 18219008,
            "30.000000" : 24248320,
            "40.000000" : 30277632,
            "50.000000" : 36962304,
            "60.000000" : 43778048,
            "70.000000" : 51642368,
            "80.000000" : 61603840,
            "90.000000" : 77070336,
            "95.000000" : 91750400,
            "99.000000" : 126353408,
            "99.500000" : 141557760,
            "99.900000" : 177209344,
            "99.950000" : 196083712,
            "99.990000" : 231735296
          }
        },
        "lat_ns" : {
          "min" : 1372214,
          "max" : 299930809,
          "mean" : 43684302.405036,
          "stddev" : 28259006.647799
        },
        "bw_min" : 8819,
        "bw_max" : 34259,
        "bw_agg" : 70.962013,
        "bw_mean" : 20901.151261,
        "bw_dev" : 540.921530,
        "bw_samples" : 952,
        "iops_min" : 1099,
        "iops_max" : 4278,
        "iops_mean" : 2609.117647,
        "iops_stddev" : 67.617126,
        "iops_samples" : 952
      },
      "trim" : {
        "io_bytes" : 0,
        "io_kbytes" : 0,
        "bw_bytes" : 0,
        "bw" : 0,
        "iops" : 0.000000,
        "runtime" : 0,
        "total_ios" : 0,
        "short_ios" : 0,
        "drop_ios" : 0,
        "slat_ns" : {
          "min" : 0,
          "max" : 0,
          "mean" : 0.000000,
          "stddev" : 0.000000
        },
        "clat_ns" : {
          "min" : 0,
          "max" : 0,
          "mean" : 0.000000,
          "stddev" : 0.000000,
          "percentile" : {
            "1.000000" : 0,
            "5.000000" : 0,
            "10.000000" : 0,
            "20.000000" : 0,
            "30.000000" : 0,
            "40.000000" : 0,
            "50.000000" : 0,
            "60.000000" : 0,
            "70.000000" : 0,
            "80.000000" : 0,
            "90.000000" : 0,
            "95.000000" : 0,
            "99.000000" : 0,
            "99.500000" : 0,
            "99.900000" : 0,
            "99.950000" : 0,
            "99.990000" : 0
          }
        },
        "lat_ns" : {
          "min" : 0,
          "max" : 0,
          "mean" : 0.000000,
          "stddev" : 0.000000
        },
        "bw_min" : 0,
        "bw_max" : 0,
        "bw_agg" : 0.000000,
        "bw_mean" : 0.000000,
        "bw_dev" : 0.000000,
        "bw_samples" : 0,
        "iops_min" : 0,
        "iops_max" : 0,
        "iops_mean" : 0.000000,
        "iops_stddev" : 0.000000,
        "iops_samples" : 0
      },
      "sync" : {
        "lat_ns" : {
          "min" : 0,
          "max" : 0,
          "mean" : 0.000000,
          "stddev" : 0.000000,
          "percentile" : {
            "1.000000" : 0,
            "5.000000" : 0,
            "10.000000" : 0,
            "20.000000" : 0,
            "30.000000" : 0,
            "40.000000" : 0,
            "50.000000" : 0,
            "60.000000" : 0,
            "70.000000" : 0,
            "80.000000" : 0,
            "90.000000" : 0,
            "95.000000" : 0,
            "99.000000" : 0,
            "99.500000" : 0,
            "99.900000" : 0,
            "99.950000" : 0,
            "99.990000" : 0
          }
        },
        "total_ios" : 0
      },
      "job_runtime" : 480184,
      "usr_cpu" : 0.283017,
      "sys_cpu" : 1.349274,
      "ctx" : 775975,
      "majf" : 0,
      "minf" : 89,
      "iodepth_level" : {
        "1" : 0.100000,
        "2" : 0.100000,
        "4" : 0.100000,
        "8" : 0.100000,
        "16" : 0.100000,
        "32" : 0.100000,
        ">=64" : 99.931641
      },
      "iodepth_submit" : {
        "0" : 0.000000,
        "4" : 100.000000,
        "8" : 0.000000,
        "16" : 0.000000,
        "32" : 0.000000,
        "64" : 0.000000,
        ">=64" : 0.000000
      },
      "iodepth_complete" : {
        "0" : 0.000000,
        "4" : 99.998914,
        "8" : 0.000000,
        "16" : 0.000000,
        "32" : 0.000000,
        "64" : 0.100000,
        ">=64" : 0.000000
      },
      "latency_ns" : {
        "2" : 0.000000,
        "4" : 0.000000,
        "10" : 0.000000,
        "20" : 0.000000,
        "50" : 0.000000,
        "100" : 0.000000,
        "250" : 0.000000,
        "500" : 0.000000,
        "750" : 0.000000,
        "1000" : 0.000000
      },
      "latency_us" : {
        "2" : 0.000000,
        "4" : 0.000000,
        "10" : 0.000000,
        "20" : 0.000000,
        "50" : 0.000000,
        "100" : 0.010000,
        "250" : 0.000000,
        "500" : 0.010000,
        "750" : 0.010000,
        "1000" : 0.010000
      },
      "latency_ms" : {
        "2" : 0.074056,
        "4" : 1.532934,
        "10" : 7.031802,
        "20" : 15.491964,
        "50" : 44.516662,
        "100" : 28.063053,
        "250" : 3.284238,
        "500" : 0.010000,
        "750" : 0.000000,
        "1000" : 0.000000,
        "2000" : 0.000000,
        ">=2000" : 0.000000
      },
      "latency_depth" : 64,
      "latency_target" : 0,