{
  "fio version" : "fio-3.13",
  "timestamp" : 1733677654,
  "timestamp_ms" : 1733677654102,
  "time" : "Sun Dec  8 17:07:34 2024",
  "global options" : {
    "ioengine" : "libaio",
    "direct" : "1",
    "bs" : "8k",
    "size" : "5G",
    "runtime" : "60",
    "numjobs" : "32",
    "iodepth" : "64",
    "filename" : "/datadir/datafile"
  },
  "jobs" : [
    {
      "jobname" : "random_rw",
      "groupid" : 0,
      "error" : 0,
      "eta" : 0,
      "elapsed" : 121,
      "job options" : {
        "rw" : "randrw",
        "rwmixread" : "70"
      },
      "read" : {
        "io_bytes" : 4302168064,
        "io_kbytes" : 4201336,
        "bw_bytes" : 71678908,
        "bw" : 69998,
        "iops" : 8749.866711,
        "runtime" : 60020,
        "total_ios" : 525167,
        "short_ios" : 0,
        "drop_ios" : 0,
        "slat_ns" : {
          "min" : 2055,
          "max" : 783156575,
          "mean" : 530062.395901,
          "stddev" : 7156435.795204
        },
        "clat_ns" : {
          "min" : 1293323,
          "max" : 1323601354,
          "mean" : 155621453.842366,
          "stddev" : 88226875.004646,
          "percentile" : {
            "1.000000" : 31588352,
            "5.000000" : 53739520,
            "10.000000" : 68681728,
            "20.000000" : 88604672,
            "30.000000" : 106430464,
            "40.000000" : 123207680,
            "50.000000" : 141557760,
            "60.000000" : 160432128,
            "70.000000" : 181403648,
            "80.000000" : 208666624,
            "90.000000" : 252706816,
            "95.000000" : 299892736,
            "99.000000" : 438304768,
            "99.500000" : 541065216,
            "99.900000" : 952107008,
            "99.950000" : 1061158912,
            "99.990000" : 1166016512
          }
        },
        "lat_ns" : {
          "min" : 3300191,
          "max" : 1323613363,
          "mean" : 156151721.686465,
          "stddev" : 88638893.244069
        },
        "bw_min" : 6851,
        "bw_max" : 102000,
        "bw_agg" : 82.748228,
        "bw_mean" : 57922.104674,
        "bw_dev" : 538.537264,
        "bw_samples" : 3774,
        "iops_min" : 841,
        "iops_max" : 12735,
        "iops_mean" : 7226.422099,
        "iops_stddev" : 67.317890,
        "iops_samples" : 3774
      },
      "write" : {
        "io_bytes" : 1846845440,
        "io_kbytes" : 1803560,
        "bw_bytes" : 30770500,
        "bw" : 30049,
        "iops" : 3756.164612,
        "runtime" : 60020,
        "total_ios" : 225445,
        "short_ios" : 0,
        "drop_ios" : 0,
        "slat_ns" : {
          "min" : 2575,
          "max" : 922115343,
          "mean" : 7273684.868190,
          "stddev" : 23521757.231578
        },
        "clat_ns" : {
          "min" : 1236167,
          "max" : 1323619435,
          "mean" : 168878808.751842,
          "stddev" : 92590992.099503,
          "percentile" : {
            "1.000000" : 37486592,
            "5.000000" : 62128128,
            "10.000000" : 78118912,
            "20.000000" : 99090432,
            "30.000000" : 117964800,
            "40.000000" : 135266304,
            "50.000000" : 154140672,
            "60.000000" : 173015040,
            "70.000000" : 196083712,
            "80.000000" : 223346688,
            "90.000000" : 270532608,
            "95.000000" : 316669952,
            "99.000000" : 463470592,
            "99.500000" : 574619648,
            "99.900000" : 994050048,
            "99.950000" : 1082130432,
            "99.990000" : 1182793728
          }
        },
        "lat_ns" : {
          "min" : 3974585,
          "max" : 1347126199,
          "mean" : 176153166.494653,
          "stddev" : 95864252.651220
        },
        "bw_min" : 3027,
        "bw_max" : 44893,
        "bw_agg" : 82.689460,
        "bw_mean" : 24847.355776,
        "bw_dev" : 241.099180,
        "bw_samples" : 3772,
        "iops_min" : 366,
        "iops_max" : 5601,
        "iops_mean" : 3092.477494,
        "iops_stddev" : 30.149673,
        "iops_samples" : 3772
      },
      "trim" : {
        "io_bytes" : 0,
        "io_kbytes" : 0,
        "bw_bytes" : 0,
        "bw" : 0,
        "iops" : 0.000000,
        "runtime" : 0,
        "total_ios" : 0,
        "short_ios" : 0,
        "drop_ios" : 0,
        "slat_ns" : {
          "min" : 0,
          "max" : 0,
          "mean" : 0.000000,
          "stddev" : 0.000000
        },
        "clat_ns" : {
          "min" : 0,
          "max" : 0,
          "mean" : 0.000000,
          "stddev" : 0.000000,
          "percentile" : {
            "1.000000" : 0,
            "5.000000" : 0,
            "10.000000" : 0,
            "20.000000" : 0,
            "30.000000" : 0,
            "40.000000" : 0,
            "50.000000" : 0,
            "60.000000" : 0,
            "70.000000" : 0,
            "80.000000" : 0,
            "90.000000" : 0,
            "95.000000" : 0,
            "99.000000" : 0,
            "99.500000" : 0,
            "99.900000" : 0,
            "99.950000" : 0,
            "99.990000" : 0
          }
        },
        "lat_ns" : {
          "min" : 0,
          "max" : 0,
          "mean" : 0.000000,
          "stddev" : 0.000000
        },
        "bw_min" : 0,
        "bw_max" : 0,
        "bw_agg" : 0.000000,
        "bw_mean" : 0.000000,
        "bw_dev" : 0.000000,
        "bw_samples" : 0,
        "iops_min" : 0,
        "iops_max" : 0,
        "iops_mean" : 0.000000,
        "iops_stddev" : 0.000000,
        "iops_samples" : 0
      },
      "sync" : {
        "lat_ns" : {
          "min" : 0,
          "max" : 0,
          "mean" : 0.000000,
          "stddev" : 0.000000,
          "percentile" : {
            "1.000000" : 0,
            "5.000000" : 0,
            "10.000000" : 0,
            "20.000000" : 0,
            "30.000000" : 0,
            "40.000000" : 0,
            "50.000000" : 0,
            "60.000000" : 0,
            "70.000000" : 0,
            "80.000000" : 0,
            "90.000000" : 0,
            "95.000000" : 0,
            "99.000000" : 0,
            "99.500000" : 0,
            "99.900000" : 0,
            "99.950000" : 0,
            "99.990000" : 0
          }
        },
        "total_ios" : 0
      },
      "job_runtime" : 1920392,
      "usr_cpu" : 0.074464,
      "sys_cpu" : 0.375392,
      "ctx" : 803416,
      "majf" : 0,
      "minf" : 381,
      "iodepth_level" : {
        "1" : 0.100000,
        "2" : 0.100000,
        "4" : 0.100000,
        "8" : 0.100000,
        "16" : 0.100000,
        "32" : 0.136422,
        ">=64" : 99.731419
      },
      "iodepth_submit" : {
        "0" : 0.000000,
        "4" : 100.000000,
        "8" : 0.000000,
        "16" : 0.000000,
        "32" : 0.000000,
        "64" : 0.000000,
        ">=64" : 0.000000
      },
      "iodepth_complete" : {
        "0" : 0.000000,
        "4" : 99.995726,
        "8" : 0.000000,
        "16" : 0.000000,
        "32" : 0.000000,
        "64" : 0.100000,
        ">=64" : 0.000000
      },
      "latency_ns" : {
        "2" : 0.000000,
        "4" : 0.000000,
        "10" : 0.000000,
        "20" : 0.000000,
        "50" : 0.000000,
        "100" : 0.000000,
        "250" : 0.000000,
        "500" : 0.000000,
        "750" : 0.000000,
        "1000" : 0.000000
      },
      "latency_us" : {
        "2" : 0.000000,
        "4" : 0.000000,
        "10" : 0.000000,
        "20" : 0.000000,
        "50" : 0.000000,
        "100" : 0.000000,
        "250" : 0.000000,
        "500" : 0.000000,
        "750" : 0.000000,
        "1000" : 0.000000
      },
      "latency_ms" : {
        "2" : 0.010000,
        "4" : 0.010000,
        "10" : 0.010924,
        "20" : 0.165332,
        "50" : 3.387369,
        "100" : 20.889488,
        "250" : 64.108487,
        "500" : 10.759620,
        "750" : 0.424587,
        "1000" : 0.170261,
        "2000" : 0.000000,
        ">=2000" : 0.000000
      },
      "latency_depth" : 64,