{
  "fio version" : "fio-3.13",
  "timestamp" : 1733847909,
  "timestamp_ms" : 1733847909450,
  "time" : "Tue Dec 10 16:25:09 2024",
  "global options" : {
    "ioengine" : "libaio",
    "direct" : "1",
    "runtime" : "60",
    "time_based" : "1",
    "bs" : "8k",
    "size" : "5G",
    "iodepth" : "1",
    "numjobs" : "1",
    "filename" : "/datadir/walfile"
  },
  "jobs" : [
    {
      "jobname" : "wal_write",
      "groupid" : 0,
      "error" : 0,
      "eta" : 0,
      "elapsed" : 121,
      "job options" : {
        "rw" : "rw"
      },
      "read" : {
        "io_bytes" : 1161977856,
        "io_kbytes" : 1134744,
        "bw_bytes" : 19365974,
        "bw" : 18912,
        "iops" : 2364.010600,
        "runtime" : 60001,
        "total_ios" : 141843,
        "short_ios" : 0,
        "drop_ios" : 0,
        "slat_ns" : {
          "min" : 2822,
          "max" : 619164,
          "mean" : 4651.395247,
          "stddev" : 5477.717307
        },
        "clat_ns" : {
          "min" : 586,
          "max" : 91004250,
          "mean" : 162509.370938,
          "stddev" : 270143.284145,
          "percentile" : {
            "1.000000" : 123392,
            "5.000000" : 129536,
            "10.000000" : 132096,
            "20.000000" : 136192,
            "30.000000" : 138240,
            "40.000000" : 142336,
            "50.000000" : 144384,
            "60.000000" : 148480,
            "70.000000" : 152576,
            "80.000000" : 156672,
            "90.000000" : 171008,
            "95.000000" : 207872,
            "99.000000" : 569344,
            "99.500000" : 643072,
            "99.900000" : 1368064,
            "99.950000" : 2088960,
            "99.990000" : 4423680
          }
        },
        "lat_ns" : {
          "min" : 92570,
          "max" : 91011061,
          "mean" : 167287.120521,
          "stddev" : 270279.346735
        },
        "bw_min" : 10315,
        "bw_max" : 18143,
        "bw_agg" : 76.776472,
        "bw_mean" : 14519.966387,
        "bw_dev" : 922.552997,
        "bw_samples" : 119,
        "iops_min" : 1289,
        "iops_max" : 2267,
        "iops_mean" : 1814.563025,
        "iops_stddev" : 115.263195,
        "iops_samples" : 119
      },
      "write" : {
        "io_bytes" : 1163763712,
        "io_kbytes" : 1136488,
        "bw_bytes" : 19395738,
        "bw" : 18941,
        "iops" : 2367.643873,
        "runtime" : 60001,
        "total_ios" : 142061,
        "short_ios" : 0,
        "drop_ios" : 0,
        "slat_ns" : {
          "min" : 3050,
          "max" : 1824830,
          "mean" : 4856.255630,
          "stddev" : 8037.042528
        },
        "clat_ns" : {
          "min" : 1230,
          "max" : 34825091,
          "mean" : 249049.897312,
          "stddev" : 153869.126861,
          "percentile" : {
            "1.000000" : 201728,
            "5.000000" : 209920,
            "10.000000" : 214016,
            "20.000000" : 220160,
            "30.000000" : 224256,
            "40.000000" : 228352,
            "50.000000" : 232448,
            "60.000000" : 238592,
            "70.000000" : 244736,
            "80.000000" : 252928,
            "90.000000" : 284672,
            "95.000000" : 317440,
            "99.000000" : 509952,
            "99.500000" : 634880,
            "99.900000" : 1712128,
            "99.950000" : 2539520,
            "99.990000" : 5734400
          }
        },
        "lat_ns" : {
          "min" : 180413,
          "max" : 34830294,
          "mean" : 254036.116218,
          "stddev" : 154195.961489
        },
        "bw_min" : 10474,
        "bw_max" : 19001,
        "bw_agg" : 76.784478,
        "bw_mean" : 14543.747899,
        "bw_dev" : 923.796039,
        "bw_samples" : 119,
        "iops_min" : 1309,
        "iops_max" : 2375,
        "iops_mean" : 1817.529412,
        "iops_stddev" : 115.444742,
        "iops_samples" : 119
      },
      "trim" : {
        "io_bytes" : 0,
        "io_kbytes" : 0,
        "bw_bytes" : 0,
        "bw" : 0,
        "iops" : 0.000000,
        "runtime" : 0,
        "total_ios" : 0,
        "short_ios" : 0,
        "drop_ios" : 0,
        "slat_ns" : {
          "min" : 0,
          "max" : 0,
          "mean" : 0.000000,
          "stddev" : 0.000000
        },
        "clat_ns" : {
          "min" : 0,
          "max" : 0,
          "mean" : 0.000000,
          "stddev" : 0.000000,
          "percentile" : {
            "1.000000" : 0,
            "5.000000" : 0,
            "10.000000" : 0,
            "20.000000" : 0,
            "30.000000" : 0,
            "40.000000" : 0,
            "50.000000" : 0,
            "60.000000" : 0,
            "70.000000" : 0,
            "80.000000" : 0,
            "90.000000" : 0,
            "95.000000" : 0,
            "99.000000" : 0,
            "99.500000" : 0,
            "99.900000" : 0,
            "99.950000" : 0,
            "99.990000" : 0
          }
        },
        "lat_ns" : {
          "min" : 0,
          "max" : 0,
          "mean" : 0.000000,
          "stddev" : 0.000000
        },
        "bw_min" : 0,
        "bw_max" : 0,
        "bw_agg" : 0.000000,
        "bw_mean" : 0.000000,
        "bw_dev" : 0.000000,
        "bw_samples" : 0,
        "iops_min" : 0,
        "iops_max" : 0,
        "iops_mean" : 0.000000,
        "iops_stddev" : 0.000000,
        "iops_samples" : 0
      },
      "sync" : {
        "lat_ns" : {
          "min" : 0,
          "max" : 0,
          "mean" : 0.000000,
          "stddev" : 0.000000,
          "percentile" : {
            "1.000000" : 0,
            "5.000000" : 0,
            "10.000000" : 0,
            "20.000000" : 0,
            "30.000000" : 0,
            "40.000000" : 0,
            "50.000000" : 0,
            "60.000000" : 0,
            "70.000000" : 0,
            "80.000000" : 0,
            "90.000000" : 0,
            "95.000000" : 0,
            "99.000000" : 0,
            "99.500000" : 0,
            "99.900000" : 0,
            "99.950000" : 0,
            "99.990000" : 0
          }
        },
        "total_ios" : 0
      },
      "job_runtime" : 60000,
      "usr_cpu" : 0.933333,
      "sys_cpu" : 2.765000,
      "ctx" : 284722,
      "majf" : 1,
      "minf" : 24,
      "iodepth_level" : {
        "1" : 100.000000,
        "2" : 0.000000,
        "4" : 0.000000,
        "8" : 0.000000,
        "16" : 0.000000,
        "32" : 0.000000,
        ">=64" : 0.000000
      },
      "iodepth_submit" : {
        "0" : 0.000000,
        "4" : 100.000000,
        "8" : 0.000000,
        "16" : 0.000000,
        "32" : 0.000000,
        "64" : 0.000000,
        ">=64" : 0.000000
      },
      "iodepth_complete" : {
        "0" : 0.000000,
        "4" : 100.000000,
        "8" : 0.000000,
        "16" : 0.000000,
        "32" : 0.000000,
        "64" : 0.000000,
        ">=64" : 0.000000
      },
      "latency_ns" : {
        "2" : 0.000000,
        "4" : 0.000000,
        "10" : 0.000000,
        "20" : 0.000000,
        "50" : 0.000000,
        "100" : 0.000000,
        "250" : 0.000000,
        "500" : 0.000000,
        "750" : 0.010000,
        "1000" : 0.010000
      },
      "latency_us" : {
        "2" : 0.010000,
        "4" : 0.010000,
        "10" : 0.000000,
        "20" : 0.010000,
        "50" : 0.010000,
        "100" : 0.010000,
        "250" : 86.647951,
        "500" : 11.844497,
        "750" : 1.167648,
        "1000" : 0.129974
      },
      "latency_ms" : {
        "2" : 0.127860,
        "4" : 0.046495,
        "10" : 0.015850,
        "20" : 0.010000,
        "50" : 0.010000,
        "100" : 0.010000,
        "250" : 0.000000,
        "500" : 0.000000,
        "750" : 0.000000,
        "1000" : 0.000000,
        "2000" : 0.000000,
        ">=2000" : 0.000000
      },
      "latency_depth" : 1,
      "latency_target" : 0,
      "latency_percentile" : 100.000000,
      "latency_window" : 0
    },
    {
      "jobname" : "wal_write",
      "groupid" : 1,
      "error" : 0,