{
  "fio version" : "fio-3.13",
  "timestamp" : 1733851372,
  "timestamp_ms" : 1733851372257,
  "time" : "Tue Dec 10 17:22:52 2024",
  "global options" : {
    "ioengine" : "libaio",
    "direct" : "1",
    "bs" : "8k",
    "size" : "5G",
    "runtime" : "60",
    "numjobs" : "4",
    "iodepth" : "64",
    "filename" : "/datadir/datafile"
  },
  "jobs" : [
    {
      "jobname" : "random_rw",
      "groupid" : 0,
      "error" : 0,
      "eta" : 0,
      "elapsed" : 121,
      "job options" : {
        "rw" : "randrw"
      },
      "read" : {
        "io_bytes" : 38923853824,
        "io_kbytes" : 38011576,
        "bw_bytes" : 648709273,
        "bw" : 633505,
        "iops" : 79188.143729,
        "runtime" : 60002,
        "total_ios" : 4751447,
        "short_ios" : 0,
        "drop_ios" : 0,
        "slat_ns" : {
          "min" : 1870,
          "max" : 7096894,
          "mean" : 4277.741174,
          "stddev" : 11239.184410
        },
        "clat_ns" : {
          "min" : 91138,
          "max" : 186324891,
          "mean" : 1505820.771346,
          "stddev" : 1750693.400240,
          "percentile" : {
            "1.000000" : 921600,
            "5.000000" : 1056768,
            "10.000000" : 1105920,
            "20.000000" : 1187840,
            "30.000000" : 1236992,
            "40.000000" : 1302528,
            "50.000000" : 1351680,
            "60.000000" : 1400832,
            "70.000000" : 1466368,
            "80.000000" : 1564672,
            "90.000000" : 1728512,
            "95.000000" : 2007040,
            "99.000000" : 5275648,
            "99.500000" : 7438336,
            "99.900000" : 11993088,
            "99.950000" : 28966912,
            "99.990000" : 90701824
          }
        },
        "lat_ns" : {
          "min" : 218924,
          "max" : 186329143,
          "mean" : 1510189.200623,
          "stddev" : 1750703.793459
        },
        "bw_min" : 65842,
        "bw_max" : 770800,
        "bw_agg" : 74.982322,
        "bw_mean" : 475016.756303,
        "bw_dev" : 32792.913215,
        "bw_samples" : 476,
        "iops_min" : 8228,
        "iops_max" : 96348,
        "iops_mean" : 59375.369748,
        "iops_stddev" : 4099.110996,
        "iops_samples" : 476
      },
      "write" : {
        "io_bytes" : 38902898688,
        "io_kbytes" : 37991112,
        "bw_bytes" : 648360032,
        "bw" : 633164,
        "iops" : 79145.511816,
        "runtime" : 60002,
        "total_ios" : 4748889,
        "short_ios" : 0,
        "drop_ios" : 0,
        "slat_ns" : {
          "min" : 2021,
          "max" : 9688422,
          "mean" : 17630.567721,
          "stddev" : 65196.431812
        },
        "clat_ns" : {
          "min" : 165488,
          "max" : 178934542,
          "mean" : 1704882.189600,
          "stddev" : 1799845.030580,
          "percentile" : {
            "1.000000" : 1056768,
            "5.000000" : 1187840,
            "10.000000" : 1253376,
            "20.000000" : 1335296,
            "30.000000" : 1400832,
            "40.000000" : 1466368,
            "50.000000" : 1531904,
            "60.000000" : 1597440,
            "70.000000" : 1679360,
            "80.000000" : 1761280,
            "90.000000" : 1941504,
            "95.000000" : 2277376,
            "99.000000" : 5865472,
            "99.500000" : 7897088,
            "99.900000" : 12648448,
            "99.950000" : 30015488,
            "99.990000" : 93847552
          }
        },
        "lat_ns" : {
          "min" : 307056,
          "max" : 178940950,
          "mean" : 1722609.276291,
          "stddev" : 1806716.251431
        },
        "bw_min" : 65255,
        "bw_max" : 775075,
        "bw_agg" : 74.981202,
        "bw_mean" : 474753.974790,
        "bw_dev" : 32895.809732,
        "bw_samples" : 476,
        "iops_min" : 8154,
        "iops_max" : 96884,
        "iops_mean" : 59342.546218,
        "iops_stddev" : 4111.996991,
        "iops_samples" : 476
      },
      "trim" : {
        "io_bytes" : 0,
        "io_kbytes" : 0,
        "bw_bytes" : 0,
        "bw" : 0,
        "iops" : 0.000000,
        "runtime" : 0,
        "total_ios" : 0,
        "short_ios" : 0,
        "drop_ios" : 0,
        "slat_ns" : {
          "min" : 0,
          "max" : 0,
          "mean" : 0.000000,
          "stddev" : 0.000000
        },
        "clat_ns" : {
          "min" : 0,
          "max" : 0,
          "mean" : 0.000000,
          "stddev" : 0.000000,
          "percentile" : {
            "1.000000" : 0,
            "5.000000" : 0,
            "10.000000" : 0,
            "20.000000" : 0,
            "30.000000" : 0,
            "40.000000" : 0,
            "50.000000" : 0,
            "60.000000" : 0,
            "70.000000" : 0,
            "80.000000" : 0,
            "90.000000" : 0,
            "95.000000" : 0,
            "99.000000" : 0,
            "99.500000" : 0,
            "99.900000" : 0,
            "99.950000" : 0,
            "99.990000" : 0
          }
        },
        "lat_ns" : {
          "min" : 0,
          "max" : 0,
          "mean" : 0.000000,
          "stddev" : 0.000000
        },
        "bw_min" : 0,
        "bw_max" : 0,
        "bw_agg" : 0.000000,
        "bw_mean" : 0.000000,
        "bw_dev" : 0.000000,
        "bw_samples" : 0,
        "iops_min" : 0,
        "iops_max" : 0,
        "iops_mean" : 0.000000,
        "iops_stddev" : 0.000000,
        "iops_samples" : 0
      },
      "sync" : {
        "lat_ns" : {
          "min" : 0,
          "max" : 0,
          "mean" : 0.000000,
          "stddev" : 0.000000,
          "percentile" : {
            "1.000000" : 0,
            "5.000000" : 0,
            "10.000000" : 0,
            "20.000000" : 0,
            "30.000000" : 0,
            "40.000000" : 0,
            "50.000000" : 0,
            "60.000000" : 0,
            "70.000000" : 0,
            "80.000000" : 0,
            "90.000000" : 0,
            "95.000000" : 0,
            "99.000000" : 0,
            "99.500000" : 0,
            "99.900000" : 0,
            "99.950000" : 0,
            "99.990000" : 0
          }
        },
        "total_ios" : 0
      },
      "job_runtime" : 240004,
      "usr_cpu" : 3.628690,
      "sys_cpu" : 17.300545,
      "ctx" : 1342403,
      "majf" : 0,
      "minf" : 73,
      "iodepth_level" : {
        "1" : 0.100000,
        "2" : 0.100000,
        "4" : 0.100000,
        "8" : 0.100000,
        "16" : 0.100000,
        "32" : 0.100000,
        ">=64" : 99.997347
      },
      "iodepth_submit" : {
        "0" : 0.000000,
        "4" : 100.000000,
        "8" : 0.000000,
        "16" : 0.000000,
        "32" : 0.000000,
        "64" : 0.000000,
        ">=64" : 0.000000
      },
      "iodepth_complete" : {
        "0" : 0.000000,
        "4" : 99.999958,
        "8" : 0.000000,
        "16" : 0.000000,
        "32" : 0.000000,
        "64" : 0.100000,
        ">=64" : 0.000000
      },
      "latency_ns" : {
        "2" : 0.000000,
        "4" : 0.000000,
        "10" : 0.000000,
        "20" : 0.000000,
        "50" : 0.000000,
        "100" : 0.000000,
        "250" : 0.000000,
        "500" : 0.000000,
        "750" : 0.000000,
        "1000" : 0.000000
      },
      "latency_us" : {
        "2" : 0.000000,
        "4" : 0.000000,
        "10" : 0.000000,
        "20" : 0.000000,
        "50" : 0.000000,
        "100" : 0.010000,
        "250" : 0.010000,
        "500" : 0.052514,
        "750" : 0.208066,
        "1000" : 1.291481
      },
      "latency_ms" : {
        "2" : 91.720672,
        "4" : 4.986645,
        "10" : 1.530556,
        "20" : 0.150510,
        "50" : 0.024220,
        "100" : 0.027799,
        "250" : 0.010000,
        "500" : 0.000000,
        "750" : 0.000000,
        "1000" : 0.000000,
        "2000" : 0.000000,
        ">=2000" : 0.000000
      },
      "latency_depth" : 64,
      "latency_target" : 0,
      "latency_percentile" : 100.000000,