{
  "fio version" : "fio-3.13",
  "timestamp" : 1733851565,
  "timestamp_ms" : 1733851565541,
  "time" : "Tue Dec 10 17:26:05 2024",
  "global options" : {
    "ioengine" : "libaio",
    "direct" : "1",
    "bs" : "8k",
    "size" : "5G",
    "runtime" : "60",
    "numjobs" : "8",
    "iodepth" : "64",
    "filename" : "/datadir/datafile"
  },
  "jobs" : [
    {
      "jobname" : "random_rw",
      "groupid" : 0,
      "error" : 0,
      "eta" : 0,
      "elapsed" : 121,
      "job options" : {
        "rw" : "randrw"
      },
      "read" : {
        "io_bytes" : 40933081088,
        "io_kbytes" : 39973712,
        "bw_bytes" : 682195278,
        "bw" : 666206,
        "iops" : 83275.790807,
        "runtime" : 60002,
        "total_ios" : 4996714,
        "short_ios" : 0,
        "drop_ios" : 0,
        "slat_ns" : {
          "min" : 1623,
          "max" : 24937360,
          "mean" : 10370.467127,
          "stddev" : 54629.789650
        },
        "clat_ns" : {
          "min" : 112806,
          "max" : 162532349,
          "mean" : 2883617.882207,
          "stddev" : 1957190.934889,
          "percentile" : {
            "1.000000" : 1003520,
            "5.000000" : 1138688,
            "10.000000" : 1253376,
            "20.000000" : 1466368,
            "30.000000" : 1744896,
            "40.000000" : 2146304,
            "50.000000" : 2473984,
            "60.000000" : 2867200,
            "70.000000" : 3358720,
            "80.000000" : 4046848,
            "90.000000" : 4947968,
            "95.000000" : 5865472,
            "99.000000" : 8454144,
            "99.500000" : 9764864,
            "99.900000" : 13434880,
            "99.950000" : 23724032,
            "99.990000" : 64749568
          }
        },
        "lat_ns" : {
          "min" : 240716,
          "max" : 162536854,
          "mean" : 2894088.470726,
          "stddev" : 1960647.945784
        },
        "bw_min" : 183820,
        "bw_max" : 1146654,
        "bw_agg" : 81.173683,
        "bw_mean" : 540783.949580,
        "bw_dev" : 23711.078011,
        "bw_samples" : 952,
        "iops_min" : 22974,
        "iops_max" : 143328,
        "iops_mean" : 67594.579832,
        "iops_stddev" : 2963.890116,
        "iops_samples" : 952
      },
      "write" : {
        "io_bytes" : 40953724928,
        "io_kbytes" : 39993872,
        "bw_bytes" : 682539330,
        "bw" : 666542,
        "iops" : 83317.789407,
        "runtime" : 60002,
        "total_ios" : 4999234,
        "short_ios" : 0,
        "drop_ios" : 0,
        "slat_ns" : {
          "min" : 2028,
          "max" : 25208324,
          "mean" : 79054.494483,
          "stddev" : 228152.414768
        },
        "clat_ns" : {
          "min" : 224441,
          "max" : 177870432,
          "mean" : 3171997.205886,
          "stddev" : 2079792.934498,
          "percentile" : {
            "1.000000" : 1122304,
            "5.000000" : 1286144,
            "10.000000" : 1433600,
            "20.000000" : 1662976,
            "30.000000" : 1974272,
            "40.000000" : 2375680,
            "50.000000" : 2703360,
            "60.000000" : 3129344,
            "70.000000" : 3686400,
            "80.000000" : 4423680,
            "90.000000" : 5406720,
            "95.000000" : 6324224,
            "99.000000" : 9240576,
            "99.500000" : 10551296,
            "99.900000" : 14614528,
            "99.950000" : 26083328,
            "99.990000" : 66846720
          }
        },
        "lat_ns" : {
          "min" : 315470,
          "max" : 177873970,
          "mean" : 3251177.233843,
          "stddev" : 2128836.487312
        },
        "bw_min" : 184811,
        "bw_max" : 1147086,
        "bw_agg" : 81.170547,
        "bw_mean" : 541035.789916,
        "bw_dev" : 23680.329164,
        "bw_samples" : 952,
        "iops_min" : 23097,
        "iops_max" : 143382,
        "iops_mean" : 67626.008403,
        "iops_stddev" : 2960.041508,
        "iops_samples" : 952
      },
      "trim" : {
        "io_bytes" : 0,
        "io_kbytes" : 0,
        "bw_bytes" : 0,
        "bw" : 0,
        "iops" : 0.000000,
        "runtime" : 0,
        "total_ios" : 0,
        "short_ios" : 0,
        "drop_ios" : 0,
        "slat_ns" : {
          "min" : 0,
          "max" : 0,
          "mean" : 0.000000,
          "stddev" : 0.000000
        },
        "clat_ns" : {
          "min" : 0,
          "max" : 0,
          "mean" : 0.000000,
          "stddev" : 0.000000,
          "percentile" : {
            "1.000000" : 0,
            "5.000000" : 0,
            "10.000000" : 0,
            "20.000000" : 0,
            "30.000000" : 0,
            "40.000000" : 0,
            "50.000000" : 0,
            "60.000000" : 0,
            "70.000000" : 0,
            "80.000000" : 0,
            "90.000000" : 0,
            "95.000000" : 0,
            "99.000000" : 0,
            "99.500000" : 0,
            "99.900000" : 0,
            "99.950000" : 0,
            "99.990000" : 0
          }
        },
        "lat_ns" : {
          "min" : 0,
          "max" : 0,
          "mean" : 0.000000,
          "stddev" : 0.000000
        },
        "bw_min" : 0,
        "bw_max" : 0,
        "bw_agg" : 0.000000,
        "bw_mean" : 0.000000,
        "bw_dev" : 0.000000,
        "bw_samples" : 0,
        "iops_min" : 0,
        "iops_max" : 0,
        "iops_mean" : 0.000000,
        "iops_stddev" : 0.000000,
        "iops_samples" : 0
      },
      "sync" : {
        "lat_ns" : {
          "min" : 0,
          "max" : 0,
          "mean" : 0.000000,
          "stddev" : 0.000000,
          "percentile" : {
            "1.000000" : 0,
            "5.000000" : 0,
            "10.000000" : 0,
            "20.000000" : 0,
            "30.000000" : 0,
            "40.000000" : 0,
            "50.000000" : 0,
            "60.000000" : 0,
            "70.000000" : 0,
            "80.000000" : 0,
            "90.000000" : 0,
            "95.000000" : 0,
            "99.000000" : 0,
            "99.500000" : 0,
            "99.900000" : 0,
            "99.950000" : 0,
            "99.990000" : 0
          }
        },
        "total_ios" : 0
      },
      "job_runtime" : 480006,
      "usr_cpu" : 2.070599,
      "sys_cpu" : 10.095915,
      "ctx" : 2352801,
      "majf" : 0,
      "minf" : 125,
      "iodepth_level" : {
        "1" : 0.100000,
        "2" : 0.100000,
        "4" : 0.100000,
        "8" : 0.100000,
        "16" : 0.100000,
        "32" : 0.100000,
        ">=64" : 99.994958
      },
      "iodepth_submit" : {
        "0" : 0.000000,
        "4" : 100.000000,
        "8" : 0.000000,
        "16" : 0.000000,
        "32" : 0.000000,
        "64" : 0.000000,
        ">=64" : 0.000000
      },
      "iodepth_complete" : {
        "0" : 0.000000,
        "4" : 99.999920,
        "8" : 0.000000,
        "16" : 0.000000,
        "32" : 0.000000,
        "64" : 0.100000,
        ">=64" : 0.000000
      },
      "latency_ns" : {
        "2" : 0.000000,
        "4" : 0.000000,
        "10" : 0.000000,
        "20" : 0.000000,
        "50" : 0.000000,
        "100" : 0.000000,
        "250" : 0.000000,
        "500" : 0.000000,
        "750" : 0.000000,
        "1000" : 0.000000
      },
      "latency_us" : {
        "2" : 0.000000,
        "4" : 0.000000,
        "10" : 0.000000,
        "20" : 0.000000,
        "50" : 0.000000,
        "100" : 0.000000,
        "250" : 0.010000,
        "500" : 0.015466,
        "750" : 0.057613,
        "1000" : 0.470511
      },
      "latency_ms" : {
        "2" : 32.854062,
        "4" : 43.558190,
        "10" : 22.493174,
        "20" : 0.494921,
        "50" : 0.032373,
        "100" : 0.023439,
        "250" : 0.010000,
        "500" : 0.000000,
        "750" : 0.000000,
        "1000" : 0.000000,
        "2000" : 0.000000,
        ">=2000" : 0.000000
      },
      "latency_depth" : 64,
      "latency_target" : 0,
      "latency_percentile" : 100.000000,