{
  "fio version" : "fio-3.13",
  "timestamp" : 1733851051,
  "timestamp_ms" : 1733851051889,
  "time" : "Tue Dec 10 17:17:31 2024",
  "global options" : {
    "ioengine" : "libaio",
    "direct" : "1",
    "bs" : "8k",
    "size" : "5G",
    "runtime" : "60",
    "numjobs" : "2",
    "iodepth" : "64",
    "filename" : "/datadir/datafile"
  },
  "jobs" : [
    {
      "jobname" : "random_rw",
      "groupid" : 0,
      "error" : 0,
      "eta" : 0,
      "elapsed" : 121,
      "job options" : {
        "rw" : "randrw"
      },
      "read" : {
        "io_bytes" : 37151195136,
        "io_kbytes" : 36280464,
        "bw_bytes" : 619176265,
        "bw" : 604664,
        "iops" : 75583.040283,
        "runtime" : 60001,
        "total_ios" : 4535058,
        "short_ios" : 0,
        "drop_ios" : 0,
        "slat_ns" : {
          "min" : 2105,
          "max" : 7106000,
          "mean" : 3529.829718,
          "stddev" : 8601.640578
        },
        "clat_ns" : {
          "min" : 66892,
          "max" : 101379130,
          "mean" : 734136.375762,
          "stddev" : 800223.807767,
          "percentile" : {
            "1.000000" : 403456,
            "5.000000" : 481280,
            "10.000000" : 522240,
            "20.000000" : 577536,
            "30.000000" : 618496,
            "40.000000" : 659456,
            "50.000000" : 692224,
            "60.000000" : 733184,
            "70.000000" : 774144,
            "80.000000" : 831488,
            "90.000000" : 921600,
            "95.000000" : 1036288,
            "99.000000" : 1400832,
            "99.500000" : 1646592,
            "99.900000" : 3031040,
            "99.950000" : 6979584,
            "99.990000" : 49020928
          }
        },
        "lat_ns" : {
          "min" : 162617,
          "max" : 101381611,
          "mean" : 737756.466086,
          "stddev" : 800206.660064
        },
        "bw_min" : 238355,
        "bw_max" : 785180,
        "bw_agg" : 99.800549,
        "bw_mean" : 603457.991597,
        "bw_dev" : 50552.932609,
        "bw_samples" : 238,
        "iops_min" : 29794,
        "iops_max" : 98146,
        "iops_mean" : 75431.361345,
        "iops_stddev" : 6319.085783,
        "iops_samples" : 238
      },
      "write" : {
        "io_bytes" : 37132926976,
        "io_kbytes" : 36262624,
        "bw_bytes" : 618871801,
        "bw" : 604366,
        "iops" : 75545.874235,
        "runtime" : 60001,
        "total_ios" : 4532828,
        "short_ios" : 0,
        "drop_ios" : 0,
        "slat_ns" : {
          "min" : 2255,
          "max" : 7724593,
          "mean" : 3762.328170,
          "stddev" : 9598.049410
        },
        "clat_ns" : {
          "min" : 189383,
          "max" : 176455297,
          "mean" : 951502.108674,
          "stddev" : 861784.699982,
          "percentile" : {
            "1.000000" : 536576,
            "5.000000" : 618496,
            "10.000000" : 659456,
            "20.000000" : 724992,
            "30.000000" : 790528,
            "40.000000" : 847872,
            "50.000000" : 888832,
            "60.000000" : 937984,
            "70.000000" : 995328,
            "80.000000" : 1056768,
            "90.000000" : 1187840,
            "95.000000" : 1384448,
            "99.000000" : 2277376,
            "99.500000" : 2801664,
            "99.900000" : 4947968,
            "99.950000" : 8290304,
            "99.990000" : 48496640
          }
        },
        "lat_ns" : {
          "min" : 265559,
          "max" : 176457976,
          "mean" : 955355.521015,
          "stddev" : 861782.842541
        },
        "bw_min" : 232878,
        "bw_max" : 788422,
        "bw_agg" : 99.800010,
        "bw_mean" : 603157.327731,
        "bw_dev" : 50609.489784,
        "bw_samples" : 238,
        "iops_min" : 29109,
        "iops_max" : 98552,
        "iops_mean" : 75393.798319,
        "iops_stddev" : 6326.186775,
        "iops_samples" : 238
      },
      "trim" : {
        "io_bytes" : 0,
        "io_kbytes" : 0,
        "bw_bytes" : 0,
        "bw" : 0,
        "iops" : 0.000000,
        "runtime" : 0,
        "total_ios" : 0,
        "short_ios" : 0,
        "drop_ios" : 0,
        "slat_ns" : {
          "min" : 0,
          "max" : 0,
          "mean" : 0.000000,
          "stddev" : 0.000000
        },
        "clat_ns" : {
          "min" : 0,
          "max" : 0,
          "mean" : 0.000000,
          "stddev" : 0.000000,
          "percentile" : {
            "1.000000" : 0,
            "5.000000" : 0,
            "10.000000" : 0,
            "20.000000" : 0,
            "30.000000" : 0,
            "40.000000" : 0,
            "50.000000" : 0,
            "60.000000" : 0,
            "70.000000" : 0,
            "80.000000" : 0,
            "90.000000" : 0,
            "95.000000" : 0,
            "99.000000" : 0,
            "99.500000" : 0,
            "99.900000" : 0,
            "99.950000" : 0,
            "99.990000" : 0
          }
        },
        "lat_ns" : {
          "min" : 0,
          "max" : 0,
          "mean" : 0.000000,
          "stddev" : 0.000000
        },
        "bw_min" : 0,
        "bw_max" : 0,
        "bw_agg" : 0.000000,
        "bw_mean" : 0.000000,
        "bw_dev" : 0.000000,
        "bw_samples" : 0,
        "iops_min" : 0,
        "iops_max" : 0,
        "iops_mean" : 0.000000,
        "iops_stddev" : 0.000000,
        "iops_samples" : 0
      },
      "sync" : {
        "lat_ns" : {
          "min" : 0,
          "max" : 0,
          "mean" : 0.000000,
          "stddev" : 0.000000,
          "percentile" : {
            "1.000000" : 0,
            "5.000000" : 0,
            "10.000000" : 0,
            "20.000000" : 0,
            "30.000000" : 0,
            "40.000000" : 0,
            "50.000000" : 0,
            "60.000000" : 0,
            "70.000000" : 0,
            "80.000000" : 0,
            "90.000000" : 0,
            "95.000000" : 0,
            "99.000000" : 0,
            "99.500000" : 0,
            "99.900000" : 0,
            "99.950000" : 0,
            "99.990000" : 0
          }
        },
        "total_ios" : 0
      },
      "job_runtime" : 120000,
      "usr_cpu" : 6.995000,
      "sys_cpu" : 26.510000,
      "ctx" : 1081286,
      "majf" : 0,
      "minf" : 29,
      "iodepth_level" : {
        "1" : 0.100000,
        "2" : 0.100000,
        "4" : 0.100000,
        "8" : 0.100000,
        "16" : 0.100000,
        "32" : 0.100000,
        ">=64" : 99.998610
      },
      "iodepth_submit" : {
        "0" : 0.000000,
        "4" : 100.000000,
        "8" : 0.000000,
        "16" : 0.000000,
        "32" : 0.000000,
        "64" : 0.000000,
        ">=64" : 0.000000
      },
      "iodepth_complete" : {
        "0" : 0.000000,
        "4" : 99.999978,
        "8" : 0.000000,
        "16" : 0.000000,
        "32" : 0.000000,
        "64" : 0.100000,
        ">=64" : 0.000000
      },
      "latency_ns" : {
        "2" : 0.000000,
        "4" : 0.000000,
        "10" : 0.000000,
        "20" : 0.000000,
        "50" : 0.000000,
        "100" : 0.000000,
        "250" : 0.000000,
        "500" : 0.000000,
        "750" : 0.000000,
        "1000" : 0.000000
      },
      "latency_us" : {
        "2" : 0.000000,
        "4" : 0.000000,
        "10" : 0.000000,
        "20" : 0.000000,
        "50" : 0.000000,
        "100" : 0.010000,
        "250" : 0.018395,
        "500" : 3.796398,
        "750" : 39.723239,
        "1000" : 39.141515
      },
      "latency_ms" : {
        "2" : 16.409403,
        "4" : 0.790890,
        "10" : 0.078673,
        "20" : 0.010000,
        "50" : 0.023434,
        "100" : 0.010000,
        "250" : 0.010000,
        "500" : 0.000000,
        "750" : 0.000000,
        "1000" : 0.000000,
        "2000" : 0.000000,
        ">=2000" : 0.000000
      },
      "latency_depth" : 64,
      "latency_target" : 0,
      "latency_percentile" : 100.000000,
      "latency_window" : 0
    },
    {
      "jobname" : "random_rw",