{
  "fio version" : "fio-3.13",
  "timestamp" : 1733850609,
  "timestamp_ms" : 1733850609767,
  "time" : "Tue Dec 10 17:10:09 2024",
  "global options" : {
    "ioengine" : "libaio",
    "direct" : "1",
    "bs" : "8k",
    "size" : "5G",
    "runtime" : "60",
    "numjobs" : "1",
    "iodepth" : "64",
    "filename" : "/datadir/datafile"
  },
  "jobs" : [
    {
      "jobname" : "random_rw",
      "groupid" : 0,
      "error" : 0,
      "eta" : 0,
      "elapsed" : 121,
      "job options" : {
        "rw" : "randrw"
      },
      "read" : {
        "io_bytes" : 34261762048,
        "io_kbytes" : 33458752,
        "bw_bytes" : 571019850,
        "bw" : 557636,
        "iops" : 69704.571590,
        "runtime" : 60001,
        "total_ios" : 4182344,
        "short_ios" : 0,
        "drop_ios" : 0,
        "slat_ns" : {
          "min" : 2111,
          "max" : 6563065,
          "mean" : 3164.210284,
          "stddev" : 6535.654662
        },
        "clat_ns" : {
          "min" : 48257,
          "max" : 125850760,
          "mean" : 368034.278874,
          "stddev" : 1381370.858057,
          "percentile" : {
            "1.000000" : 197632,
            "5.000000" : 220160,
            "10.000000" : 234496,
            "20.000000" : 259072,
            "30.000000" : 280576,
            "40.000000" : 296960,
            "50.000000" : 313344,
            "60.000000" : 333824,
            "70.000000" : 358400,
            "80.000000" : 387072,
            "90.000000" : 440320,
            "95.000000" : 505856,
            "99.000000" : 774144,
            "99.500000" : 946176,
            "99.900000" : 2736128,
            "99.950000" : 28704768,
            "99.990000" : 72876032
          }
        },
        "lat_ns" : {
          "min" : 131377,
          "max" : 125853912,
          "mean" : 371291.424068,
          "stddev" : 1381373.089432
        },
        "bw_min" : 63433,
        "bw_max" : 520967,
        "bw_agg" : 73.869798,
        "bw_mean" : 411924.588235,
        "bw_dev" : 97466.580101,
        "bw_samples" : 119,
        "iops_min" : 7929,
        "iops_max" : 65120,
        "iops_mean" : 51490.184874,
        "iops_stddev" : 12183.273034,
        "iops_samples" : 119
      },
      "write" : {
        "io_bytes" : 34248089600,
        "io_kbytes" : 33445400,
        "bw_bytes" : 570791980,
        "bw" : 557414,
        "iops" : 69676.755387,
        "runtime" : 60001,
        "total_ios" : 4180675,
        "short_ios" : 0,
        "drop_ios" : 0,
        "slat_ns" : {
          "min" : 2206,
          "max" : 3816395,
          "mean" : 3357.164356,
          "stddev" : 5187.549119
        },
        "clat_ns" : {
          "min" : 82929,
          "max" : 176417938,
          "mean" : 542858.420683,
          "stddev" : 1418289.234687,
          "percentile" : {
            "1.000000" : 305152,
            "5.000000" : 333824,
            "10.000000" : 362496,
            "20.000000" : 395264,
            "30.000000" : 423936,
            "40.000000" : 456704,
            "50.000000" : 481280,
            "60.000000" : 505856,
            "70.000000" : 544768,
            "80.000000" : 577536,
            "90.000000" : 651264,
            "95.000000" : 749568,
            "99.000000" : 1269760,
            "99.500000" : 1679360,
            "99.900000" : 4112384,
            "99.950000" : 28966912,
            "99.990000" : 73924608
          }
        },
        "lat_ns" : {
          "min" : 221788,
          "max" : 176420629,
          "mean" : 546307.557033,
          "stddev" : 1418286.983048
        },
        "bw_min" : 63280,
        "bw_max" : 518666,
        "bw_agg" : 73.869064,
        "bw_mean" : 411756.504202,
        "bw_dev" : 97371.746340,
        "bw_samples" : 119,
        "iops_min" : 7910,
        "iops_max" : 64833,
        "iops_mean" : 51469.142857,
        "iops_stddev" : 12171.414108,
        "iops_samples" : 119
      },
      "trim" : {
        "io_bytes" : 0,
        "io_kbytes" : 0,
        "bw_bytes" : 0,
        "bw" : 0,
        "iops" : 0.000000,
        "runtime" : 0,
        "total_ios" : 0,
        "short_ios" : 0,
        "drop_ios" : 0,
        "slat_ns" : {
          "min" : 0,
          "max" : 0,
          "mean" : 0.000000,
          "stddev" : 0.000000
        },
        "clat_ns" : {
          "min" : 0,
          "max" : 0,
          "mean" : 0.000000,
          "stddev" : 0.000000,
          "percentile" : {
            "1.000000" : 0,
            "5.000000" : 0,
            "10.000000" : 0,
            "20.000000" : 0,
            "30.000000" : 0,
            "40.000000" : 0,
            "50.000000" : 0,
            "60.000000" : 0,
            "70.000000" : 0,
            "80.000000" : 0,
            "90.000000" : 0,
            "95.000000" : 0,
            "99.000000" : 0,
            "99.500000" : 0,
            "99.900000" : 0,
            "99.950000" : 0,
            "99.990000" : 0
          }
        },
        "lat_ns" : {
          "min" : 0,
          "max" : 0,
          "mean" : 0.000000,
          "stddev" : 0.000000
        },
        "bw_min" : 0,
        "bw_max" : 0,
        "bw_agg" : 0.000000,
        "bw_mean" : 0.000000,
        "bw_dev" : 0.000000,
        "bw_samples" : 0,
        "iops_min" : 0,
        "iops_max" : 0,
        "iops_mean" : 0.000000,
        "iops_stddev" : 0.000000,
        "iops_samples" : 0
      },
      "sync" : {
        "lat_ns" : {
          "min" : 0,
          "max" : 0,
          "mean" : 0.000000,
          "stddev" : 0.000000,
          "percentile" : {
            "1.000000" : 0,
            "5.000000" : 0,
            "10.000000" : 0,
            "20.000000" : 0,
            "30.000000" : 0,
            "40.000000" : 0,
            "50.000000" : 0,
            "60.000000" : 0,
            "70.000000" : 0,
            "80.000000" : 0,
            "90.000000" : 0,
            "95.000000" : 0,
            "99.000000" : 0,
            "99.500000" : 0,
            "99.900000" : 0,
            "99.950000" : 0,
            "99.990000" : 0
          }
        },
        "total_ios" : 0
      },
      "job_runtime" : 60000,
      "usr_cpu" : 11.895000,
      "sys_cpu" : 43.053333,
      "ctx" : 948752,
      "majf" : 0,
      "minf" : 16,
      "iodepth_level" : {
        "1" : 0.100000,
        "2" : 0.100000,
        "4" : 0.100000,
        "8" : 0.100000,
        "16" : 0.100000,
        "32" : 0.100000,
        ">=64" : 99.999247
      },
      "iodepth_submit" : {
        "0" : 0.000000,
        "4" : 100.000000,
        "8" : 0.000000,
        "16" : 0.000000,
        "32" : 0.000000,
        "64" : 0.000000,
        ">=64" : 0.000000
      },
      "iodepth_complete" : {
        "0" : 0.000000,
        "4" : 99.999988,
        "8" : 0.000000,
        "16" : 0.000000,
        "32" : 0.000000,
        "64" : 0.100000,
        ">=64" : 0.000000
      },
      "latency_ns" : {
        "2" : 0.000000,
        "4" : 0.000000,
        "10" : 0.000000,
        "20" : 0.000000,
        "50" : 0.000000,
        "100" : 0.000000,
        "250" : 0.000000,
        "500" : 0.000000,
        "750" : 0.000000,
        "1000" : 0.000000
      },
      "latency_us" : {
        "2" : 0.000000,
        "4" : 0.000000,
        "10" : 0.000000,
        "20" : 0.000000,
        "50" : 0.010000,
        "100" : 0.010000,
        "250" : 8.257449,
        "500" : 68.034462,
        "750" : 20.669282,
        "1000" : 1.848148
      },
      "latency_ms" : {
        "2" : 0.955337,
        "4" : 0.139662,
        "10" : 0.024190,
        "20" : 0.011623,
        "50" : 0.030384,
        "100" : 0.026904,
        "250" : 0.010000,
        "500" : 0.000000,
        "750" : 0.000000,
        "1000" : 0.000000,
        "2000" : 0.000000,
        ">=2000" : 0.000000
      },
      "latency_depth" : 64,
      "latency_target" : 0,
      "latency_percentile" : 100.000000,
      "latency_window" : 0
    },
    {
      "jobname" : "random_rw",