{
  "fio version" : "fio-3.13",
  "timestamp" : 1733852216,
  "timestamp_ms" : 1733852216729,
  "time" : "Tue Dec 10 17:36:56 2024",
  "global options" : {
    "ioengine" : "libaio",
    "direct" : "1",
    "bs" : "8k",
    "size" : "5G",
    "runtime" : "60",
    "numjobs" : "32",
    "iodepth" : "64",
    "filename" : "/datadir/datafile"
  },
  "jobs" : [
    {
      "jobname" : "random_rw",
      "groupid" : 0,
      "error" : 0,
      "eta" : 0,
      "elapsed" : 121,
      "job options" : {
        "rw" : "randrw"
      },
      "read" : {
        "io_bytes" : 40468955136,
        "io_kbytes" : 39520464,
        "bw_bytes" : 673595684,
        "bw" : 657808,
        "iops" : 82226.035720,
        "runtime" : 60079,
        "total_ios" : 4940058,
        "short_ios" : 0,
        "drop_ios" : 0,
        "slat_ns" : {
          "min" : 1980,
          "max" : 25682200,
          "mean" : 28726.969601,
          "stddev" : 177103.481961
        },
        "clat_ns" : {
          "min" : 111452,
          "max" : 312066996,
          "mean" : 11859741.949393,
          "stddev" : 9035276.113077,
          "percentile" : {
            "1.000000" : 1122304,
            "5.000000" : 1466368,
            "10.000000" : 2072576,
            "20.000000" : 4014080,
            "30.000000" : 6127616,
            "40.000000" : 8159232,
            "50.000000" : 10027008,
            "60.000000" : 12124160,
            "70.000000" : 14876672,
            "80.000000" : 18219008,
            "90.000000" : 23724032,
            "95.000000" : 28442624,
            "99.000000" : 40632320,
            "99.500000" : 46923776,
            "99.900000" : 66846720,
            "99.950000" : 76021760,
            "99.990000" : 103284736
          }
        },
        "lat_ns" : {
          "min" : 245669,
          "max" : 316474419,
          "mean" : 11888594.429412,
          "stddev" : 9051428.829562
        },
        "bw_min" : 129241,
        "bw_max" : 2243786,
        "bw_agg" : 84.693027,
        "bw_mean" : 557117.504202,
        "bw_dev" : 10815.320544,
        "bw_samples" : 3808,
        "iops_min" : 16142,
        "iops_max" : 280458,
        "iops_mean" : 69625.840336,
        "iops_stddev" : 1351.913266,
        "iops_samples" : 3808
      },
      "write" : {
        "io_bytes" : 40490033152,
        "io_kbytes" : 39541048,
        "bw_bytes" : 673946522,
        "bw" : 658150,
        "iops" : 82268.862664,
        "runtime" : 60079,
        "total_ios" : 4942631,
        "short_ios" : 0,
        "drop_ios" : 0,
        "slat_ns" : {
          "min" : 2292,
          "max" : 86354491,
          "mean" : 356001.996163,
          "stddev" : 1027279.291940
        },
        "clat_ns" : {
          "min" : 273392,
          "max" : 312013995,
          "mean" : 12616950.775280,
          "stddev" : 9494638.730107,
          "percentile" : {
            "1.000000" : 1253376,
            "5.000000" : 1662976,
            "10.000000" : 2342912,
            "20.000000" : 4358144,
            "30.000000" : 6586368,
            "40.000000" : 8716288,
            "50.000000" : 10682368,
            "60.000000" : 12910592,
            "70.000000" : 15794176,
            "80.000000" : 19529728,
            "90.000000" : 25034752,
            "95.000000" : 30015488,
            "99.000000" : 42729472,
            "99.500000" : 49545216,
            "99.900000" : 69730304,
            "99.950000" : 78118912,
            "99.990000" : 102236160
          }
        },
        "lat_ns" : {
          "min" : 346610,
          "max" : 312076906,
          "mean" : 12973139.458517,
          "stddev" : 9778529.178102
        },
        "bw_min" : 131750,
        "bw_max" : 2242133,
        "bw_agg" : 84.685890,
        "bw_mean" : 557360.184874,
        "bw_dev" : 10822.443165,
        "bw_samples" : 3808,
        "iops_min" : 16456,
        "iops_max" : 280254,
        "iops_mean" : 69656.193277,
        "iops_stddev" : 1352.805591,
        "iops_samples" : 3808
      },
      "trim" : {
        "io_bytes" : 0,
        "io_kbytes" : 0,
        "bw_bytes" : 0,
        "bw" : 0,
        "iops" : 0.000000,
        "runtime" : 0,
        "total_ios" : 0,
        "short_ios" : 0,
        "drop_ios" : 0,
        "slat_ns" : {
          "min" : 0,
          "max" : 0,
          "mean" : 0.000000,
          "stddev" : 0.000000
        },
        "clat_ns" : {
          "min" : 0,
          "max" : 0,
          "mean" : 0.000000,
          "stddev" : 0.000000,
          "percentile" : {
            "1.000000" : 0,
            "5.000000" : 0,
            "10.000000" : 0,
            "20.000000" : 0,
            "30.000000" : 0,
            "40.000000" : 0,
            "50.000000" : 0,
            "60.000000" : 0,
            "70.000000" : 0,
            "80.000000" : 0,
            "90.000000" : 0,
            "95.000000" : 0,
            "99.000000" : 0,
            "99.500000" : 0,
            "99.900000" : 0,
            "99.950000" : 0,
            "99.990000" : 0
          }
        },
        "lat_ns" : {
          "min" : 0,
          "max" : 0,
          "mean" : 0.000000,
          "stddev" : 0.000000
        },
        "bw_min" : 0,
        "bw_max" : 0,
        "bw_agg" : 0.000000,
        "bw_mean" : 0.000000,
        "bw_dev" : 0.000000,
        "bw_samples" : 0,
        "iops_min" : 0,
        "iops_max" : 0,
        "iops_mean" : 0.000000,
        "iops_stddev" : 0.000000,
        "iops_samples" : 0
      },
      "sync" : {
        "lat_ns" : {
          "min" : 0,
          "max" : 0,
          "mean" : 0.000000,
          "stddev" : 0.000000,
          "percentile" : {
            "1.000000" : 0,
            "5.000000" : 0,
            "10.000000" : 0,
            "20.000000" : 0,
            "30.000000" : 0,
            "40.000000" : 0,
            "50.000000" : 0,
            "60.000000" : 0,
            "70.000000" : 0,
            "80.000000" : 0,
            "90.000000" : 0,
            "95.000000" : 0,
            "99.000000" : 0,
            "99.500000" : 0,
            "99.900000" : 0,
            "99.950000" : 0,
            "99.990000" : 0
          }
        },
        "total_ios" : 0
      },
      "job_runtime" : 1920119,
      "usr_cpu" : 0.664698,
      "sys_cpu" : 3.290317,
      "ctx" : 8500305,
      "majf" : 0,
      "minf" : 384,
      "iodepth_level" : {
        "1" : 0.100000,
        "2" : 0.100000,
        "4" : 0.100000,
        "8" : 0.100000,
        "16" : 0.100000,
        "32" : 0.100000,
        ">=64" : 99.979601
      },
      "iodepth_submit" : {
        "0" : 0.000000,
        "4" : 100.000000,
        "8" : 0.000000,
        "16" : 0.000000,
        "32" : 0.000000,
        "64" : 0.000000,
        ">=64" : 0.000000
      },
      "iodepth_complete" : {
        "0" : 0.000000,
        "4" : 99.999676,
        "8" : 0.000000,
        "16" : 0.000000,
        "32" : 0.000000,
        "64" : 0.100000,
        ">=64" : 0.000000
      },
      "latency_ns" : {
        "2" : 0.000000,
        "4" : 0.000000,
        "10" : 0.000000,
        "20" : 0.000000,
        "50" : 0.000000,
        "100" : 0.000000,
        "250" : 0.000000,
        "500" : 0.000000,
        "750" : 0.000000,
        "1000" : 0.000000
      },
      "latency_us" : {
        "2" : 0.000000,
        "4" : 0.000000,
        "10" : 0.000000,
        "20" : 0.000000,
        "50" : 0.000000,
        "100" : 0.000000,
        "250" : 0.010000,
        "500" : 0.010000,
        "750" : 0.023172,
        "1000" : 0.104263
      },
      "latency_ms" : {
        "2" : 8.581278,
        "4" : 10.488097,
        "10" : 28.972600,
        "20" : 34.354354,
        "50" : 17.034159,
        "100" : 0.424045,
        "250" : 0.011687,
        "500" : 0.010000,
        "750" : 0.000000,
        "1000" : 0.000000,
        "2000" : 0.000000,
        ">=2000" : 0.000000
      },
      "latency_depth" : 64,
      "latency_target" : 0,
      "latency_percentile" : 100.000000,