{
  "fio version" : "fio-3.13",
  "timestamp" : 1733852016,
  "timestamp_ms" : 1733852016316,
  "time" : "Tue Dec 10 17:33:36 2024",
  "global options" : {
    "ioengine" : "libaio",
    "direct" : "1",
    "bs" : "8k",
    "size" : "5G",
    "runtime" : "60",
    "numjobs" : "16",
    "iodepth" : "64",
    "filename" : "/datadir/datafile"
  },
  "jobs" : [
    {
      "jobname" : "random_rw",
      "groupid" : 0,
      "error" : 0,
      "eta" : 0,
      "elapsed" : 121,
      "job options" : {
        "rw" : "randrw"
      },
      "read" : {
        "io_bytes" : 39892312064,
        "io_kbytes" : 38957336,
        "bw_bytes" : 664827545,
        "bw" : 649245,
        "iops" : 81155.706286,
        "runtime" : 60004,
        "total_ios" : 4869667,
        "short_ios" : 0,
        "drop_ios" : 0,
        "slat_ns" : {
          "min" : 1853,
          "max" : 31948686,
          "mean" : 15421.810411,
          "stddev" : 87997.541547
        },
        "clat_ns" : {
          "min" : 144521,
          "max" : 200267511,
          "mean" : 5981767.641247,
          "stddev" : 4280833.262689,
          "percentile" : {
            "1.000000" : 1056768,
            "5.000000" : 1236992,
            "10.000000" : 1433600,
            "20.000000" : 2023424,
            "30.000000" : 2834432,
            "40.000000" : 3817472,
            "50.000000" : 5079040,
            "60.000000" : 6324224,
            "70.000000" : 7700480,
            "80.000000" : 9502720,
            "90.000000" : 11993088,
            "95.000000" : 14090240,
            "99.000000" : 18219008,
            "99.500000" : 19791872,
            "99.900000" : 23461888,
            "99.950000" : 26345472,
            "99.990000" : 53215232
          }
        },
        "lat_ns" : {
          "min" : 250158,
          "max" : 200272346,
          "mean" : 5997283.922102,
          "stddev" : 4287413.466804
        },
        "bw_min" : 184362,
        "bw_max" : 1540353,
        "bw_agg" : 67.747048,
        "bw_mean" : 439844.319328,
        "bw_dev" : 15437.682510,
        "bw_samples" : 1904,
        "iops_min" : 23038,
        "iops_max" : 192538,
        "iops_mean" : 54973.529412,
        "iops_stddev" : 1929.710363,
        "iops_samples" : 1904
      },
      "write" : {
        "io_bytes" : 39917928448,
        "io_kbytes" : 38982352,
        "bw_bytes" : 665254457,
        "bw" : 649662,
        "iops" : 81207.819479,
        "runtime" : 60004,
        "total_ios" : 4872794,
        "short_ios" : 0,
        "drop_ios" : 0,
        "slat_ns" : {
          "min" : 2179,
          "max" : 126354894,
          "mean" : 176493.087327,
          "stddev" : 506858.347721
        },
        "clat_ns" : {
          "min" : 230863,
          "max" : 164278188,
          "mean" : 6435583.104653,
          "stddev" : 4506317.620809,
          "percentile" : {
            "1.000000" : 1204224,
            "5.000000" : 1417216,
            "10.000000" : 1630208,
            "20.000000" : 2277376,
            "30.000000" : 3096576,
            "40.000000" : 4145152,
            "50.000000" : 5537792,
            "60.000000" : 6848512,
            "70.000000" : 8290304,
            "80.000000" : 10158080,
            "90.000000" : 12779520,
            "95.000000" : 14876672,
            "99.000000" : 19267584,
            "99.500000" : 20840448,
            "99.900000" : 24772608,
            "99.950000" : 27656192,
            "99.990000" : 54788096
          }
        },
        "lat_ns" : {
          "min" : 391668,
          "max" : 164703144,
          "mean" : 6612209.399719,
          "stddev" : 4646565.698992
        },
        "bw_min" : 184234,
        "bw_max" : 1545879,
        "bw_agg" : 67.744807,
        "bw_mean" : 440112.268908,
        "bw_dev" : 15438.541067,
        "bw_samples" : 1904,
        "iops_min" : 23023,
        "iops_max" : 193227,
        "iops_mean" : 55007.075630,
        "iops_stddev" : 1929.810651,
        "iops_samples" : 1904
      },
      "trim" : {
        "io_bytes" : 0,
        "io_kbytes" : 0,
        "bw_bytes" : 0,
        "bw" : 0,
        "iops" : 0.000000,
        "runtime" : 0,
        "total_ios" : 0,
        "short_ios" : 0,
        "drop_ios" : 0,
        "slat_ns" : {
          "min" : 0,
          "max" : 0,
          "mean" : 0.000000,
          "stddev" : 0.000000
        },
        "clat_ns" : {
          "min" : 0,
          "max" : 0,
          "mean" : 0.000000,
          "stddev" : 0.000000,
          "percentile" : {
            "1.000000" : 0,
            "5.000000" : 0,
            "10.000000" : 0,
            "20.000000" : 0,
            "30.000000" : 0,
            "40.000000" : 0,
            "50.000000" : 0,
            "60.000000" : 0,
            "70.000000" : 0,
            "80.000000" : 0,
            "90.000000" : 0,
            "95.000000" : 0,
            "99.000000" : 0,
            "99.500000" : 0,
            "99.900000" : 0,
            "99.950000" : 0,
            "99.990000" : 0
          }
        },
        "lat_ns" : {
          "min" : 0,
          "max" : 0,
          "mean" : 0.000000,
          "stddev" : 0.000000
        },
        "bw_min" : 0,
        "bw_max" : 0,
        "bw_agg" : 0.000000,
        "bw_mean" : 0.000000,
        "bw_dev" : 0.000000,
        "bw_samples" : 0,
        "iops_min" : 0,
        "iops_max" : 0,
        "iops_mean" : 0.000000,
        "iops_stddev" : 0.000000,
        "iops_samples" : 0
      },
      "sync" : {
        "lat_ns" : {
          "min" : 0,
          "max" : 0,
          "mean" : 0.000000,
          "stddev" : 0.000000,
          "percentile" : {
            "1.000000" : 0,
            "5.000000" : 0,
            "10.000000" : 0,
            "20.000000" : 0,
            "30.000000" : 0,
            "40.000000" : 0,
            "50.000000" : 0,
            "60.000000" : 0,
            "70.000000" : 0,
            "80.000000" : 0,
            "90.000000" : 0,
            "95.000000" : 0,
            "99.000000" : 0,
            "99.500000" : 0,
            "99.900000" : 0,
            "99.950000" : 0,
            "99.990000" : 0
          }
        },
        "total_ios" : 0
      },
      "job_runtime" : 960025,
      "usr_cpu" : 1.071743,
      "sys_cpu" : 5.450066,
      "ctx" : 4389831,
      "majf" : 0,
      "minf" : 173,
      "iodepth_level" : {
        "1" : 0.100000,
        "2" : 0.100000,
        "4" : 0.100000,
        "8" : 0.100000,
        "16" : 0.100000,
        "32" : 0.100000,
        ">=64" : 99.989654
      },
      "iodepth_submit" : {
        "0" : 0.000000,
        "4" : 100.000000,
        "8" : 0.000000,
        "16" : 0.000000,
        "32" : 0.000000,
        "64" : 0.000000,
        ">=64" : 0.000000
      },
      "iodepth_complete" : {
        "0" : 0.000000,
        "4" : 99.999836,
        "8" : 0.000000,
        "16" : 0.000000,
        "32" : 0.000000,
        "64" : 0.100000,
        ">=64" : 0.000000
      },
      "latency_ns" : {
        "2" : 0.000000,
        "4" : 0.000000,
        "10" : 0.000000,
        "20" : 0.000000,
        "50" : 0.000000,
        "100" : 0.000000,
        "250" : 0.000000,
        "500" : 0.000000,
        "750" : 0.000000,
        "1000" : 0.000000
      },
      "latency_us" : {
        "2" : 0.000000,
        "4" : 0.000000,
        "10" : 0.000000,
        "20" : 0.000000,
        "50" : 0.000000,
        "100" : 0.000000,
        "250" : 0.010000,
        "500" : 0.010000,
        "750" : 0.024378,
        "1000" : 0.145743
      },
      "latency_ms" : {
        "2" : 18.085153,
        "4" : 21.847745,
        "10" : 40.865085,
        "20" : 18.444005,
        "50" : 0.565761,
        "100" : 0.013528,
        "250" : 0.010000,
        "500" : 0.000000,
        "750" : 0.000000,
        "1000" : 0.000000,
        "2000" : 0.000000,
        ">=2000" : 0.000000
      },
      "latency_depth" : 64,
      "latency_target" : 0,
      "latency_percentile" : 100.000000,