{
  "fio version" : "fio-3.13",
  "timestamp" : 1733839181,
  "timestamp_ms" : 1733839181623,
  "time" : "Tue Dec 10 13:59:41 2024",
  "global options" : {
    "ioengine" : "libaio",
    "direct" : "1",
    "runtime" : "60",
    "time_based" : "1",
    "bs" : "8k",
    "size" : "5G",
    "iodepth" : "1",
    "numjobs" : "1",
    "filename" : "/datadir/walfile"
  },
  "jobs" : [
    {
      "jobname" : "wal_write",
      "groupid" : 0,
      "error" : 0,
      "eta" : 0,
      "elapsed" : 121,
      "job options" : {
        "rw" : "read"
      },
      "read" : {
        "io_bytes" : 819806208,
        "io_kbytes" : 800592,
        "bw_bytes" : 13663209,
        "bw" : 13342,
        "iops" : 1667.872202,
        "runtime" : 60001,
        "total_ios" : 100074,
        "short_ios" : 0,
        "drop_ios" : 0,
        "slat_ns" : {
          "min" : 3805,
          "max" : 2480801,
          "mean" : 21249.455703,
          "stddev" : 27360.275422
        },
        "clat_ns" : {
          "min" : 1816,
          "max" : 103775197,
          "mean" : 576760.482903,
          "stddev" : 641693.450383,
          "percentile" : {
            "1.000000" : 391168,
            "5.000000" : 428032,
            "10.000000" : 444416,
            "20.000000" : 464896,
            "30.000000" : 477184,
            "40.000000" : 489472,
            "50.000000" : 501760,
            "60.000000" : 518144,
            "70.000000" : 536576,
            "80.000000" : 561152,
            "90.000000" : 634880,
            "95.000000" : 823296,
            "99.000000" : 2146304,
            "99.500000" : 3358720,
            "99.900000" : 6586368,
            "99.950000" : 11862016,
            "99.990000" : 20840448
          }
        },
        "lat_ns" : {
          "min" : 382718,
          "max" : 103802206,
          "mean" : 598216.821872,
          "stddev" : 644807.308575
        },
        "bw_min" : 6747,
        "bw_max" : 10818,
        "bw_agg" : 69.519581,
        "bw_mean" : 9275.302521,
        "bw_dev" : 690.930441,
        "bw_samples" : 119,
        "iops_min" : 843,
        "iops_max" : 1352,
        "iops_mean" : 1158.966387,
        "iops_stddev" : 86.357449,
        "iops_samples" : 119
      },
      "write" : {
        "io_bytes" : 0,
        "io_kbytes" : 0,
        "bw_bytes" : 0,
        "bw" : 0,
        "iops" : 0.000000,
        "runtime" : 0,
        "total_ios" : 0,
        "short_ios" : 0,
        "drop_ios" : 0,
        "slat_ns" : {
          "min" : 0,
          "max" : 0,
          "mean" : 0.000000,
          "stddev" : 0.000000
        },
        "clat_ns" : {
          "min" : 0,
          "max" : 0,
          "mean" : 0.000000,
          "stddev" : 0.000000,
          "percentile" : {
            "1.000000" : 0,
            "5.000000" : 0,
            "10.000000" : 0,
            "20.000000" : 0,
            "30.000000" : 0,
            "40.000000" : 0,
            "50.000000" : 0,
            "60.000000" : 0,
            "70.000000" : 0,
            "80.000000" : 0,
            "90.000000" : 0,
            "95.000000" : 0,
            "99.000000" : 0,
            "99.500000" : 0,
            "99.900000" : 0,
            "99.950000" : 0,
            "99.990000" : 0
          }
        },
        "lat_ns" : {
          "min" : 0,
          "max" : 0,
          "mean" : 0.000000,
          "stddev" : 0.000000
        },
        "bw_min" : 0,
        "bw_max" : 0,
        "bw_agg" : 0.000000,
        "bw_mean" : 0.000000,
        "bw_dev" : 0.000000,
        "bw_samples" : 0,
        "iops_min" : 0,
        "iops_max" : 0,
        "iops_mean" : 0.000000,
        "iops_stddev" : 0.000000,
        "iops_samples" : 0
      },
      "trim" : {
        "io_bytes" : 0,
        "io_kbytes" : 0,
        "bw_bytes" : 0,
        "bw" : 0,
        "iops" : 0.000000,
        "runtime" : 0,
        "total_ios" : 0,
        "short_ios" : 0,
        "drop_ios" : 0,
        "slat_ns" : {
          "min" : 0,
          "max" : 0,
          "mean" : 0.000000,
          "stddev" : 0.000000
        },
        "clat_ns" : {
          "min" : 0,
          "max" : 0,
          "mean" : 0.000000,
          "stddev" : 0.000000,
          "percentile" : {
            "1.000000" : 0,
            "5.000000" : 0,
            "10.000000" : 0,
            "20.000000" : 0,
            "30.000000" : 0,
            "40.000000" : 0,
            "50.000000" : 0,
            "60.000000" : 0,
            "70.000000" : 0,
            "80.000000" : 0,
            "90.000000" : 0,
            "95.000000" : 0,
            "99.000000" : 0,
            "99.500000" : 0,
            "99.900000" : 0,
            "99.950000" : 0,
            "99.990000" : 0
          }
        },
        "lat_ns" : {
          "min" : 0,
          "max" : 0,
          "mean" : 0.000000,
          "stddev" : 0.000000
        },
        "bw_min" : 0,
        "bw_max" : 0,
        "bw_agg" : 0.000000,
        "bw_mean" : 0.000000,
        "bw_dev" : 0.000000,
        "bw_samples" : 0,
        "iops_min" : 0,
        "iops_max" : 0,
        "iops_mean" : 0.000000,
        "iops_stddev" : 0.000000,
        "iops_samples" : 0
      },
      "sync" : {
        "lat_ns" : {
          "min" : 0,
          "max" : 0,
          "mean" : 0.000000,
          "stddev" : 0.000000,
          "percentile" : {
            "1.000000" : 0,
            "5.000000" : 0,
            "10.000000" : 0,
            "20.000000" : 0,
            "30.000000" : 0,
            "40.000000" : 0,
            "50.000000" : 0,
            "60.000000" : 0,
            "70.000000" : 0,
            "80.000000" : 0,
            "90.000000" : 0,
            "95.000000" : 0,
            "99.000000" : 0,
            "99.500000" : 0,
            "99.900000" : 0,
            "99.950000" : 0,
            "99.990000" : 0
          }
        },
        "total_ios" : 0
      },
      "job_runtime" : 60000,
      "usr_cpu" : 0.548333,
      "sys_cpu" : 2.343333,
      "ctx" : 139958,
      "majf" : 2,
      "minf" : 25,
      "iodepth_level" : {
        "1" : 100.000000,
        "2" : 0.000000,
        "4" : 0.000000,
        "8" : 0.000000,
        "16" : 0.000000,
        "32" : 0.000000,
        ">=64" : 0.000000
      },
      "iodepth_submit" : {
        "0" : 0.000000,
        "4" : 100.000000,
        "8" : 0.000000,
        "16" : 0.000000,
        "32" : 0.000000,
        "64" : 0.000000,
        ">=64" : 0.000000
      },
      "iodepth_complete" : {
        "0" : 0.000000,
        "4" : 100.000000,
        "8" : 0.000000,
        "16" : 0.000000,
        "32" : 0.000000,
        "64" : 0.000000,
        ">=64" : 0.000000
      },
      "latency_ns" : {
        "2" : 0.000000,
        "4" : 0.000000,
        "10" : 0.000000,
        "20" : 0.000000,
        "50" : 0.000000,
        "100" : 0.000000,
        "250" : 0.000000,
        "500" : 0.000000,
        "750" : 0.000000,
        "1000" : 0.000000
      },
      "latency_us" : {
        "2" : 0.010000,
        "4" : 0.000000,
        "10" : 0.000000,
        "20" : 0.000000,
        "50" : 0.010000,
        "100" : 0.010000,
        "250" : 0.010000,
        "500" : 47.929532,
        "750" : 45.897036,
        "1000" : 2.898855
      },
      "latency_ms" : {
        "2" : 2.171393,
        "4" : 0.737454,
        "10" : 0.294782,
        "20" : 0.043967,
        "50" : 0.014989,
        "100" : 0.000000,
        "250" : 0.010000,
        "500" : 0.000000,
        "750" : 0.000000,
        "1000" : 0.000000,
        "2000" : 0.000000,
        ">=2000" : 0.000000
      },
      "latency_depth" : 1,
      "latency_target" : 0,
      "latency_percentile" : 100.000000,
      "latency_window" : 0
    },
    {
      "jobname" : "wal_write",
      "groupid" : 1,
      "error" : 0,
      "eta" : 0,
      "elapsed" : 121,
      "job options" : {
        "rw" : "read"
      },
      "read" : {
        "io_bytes" : 851034112,
        "io_kbytes" : 831088,
        "bw_bytes" : 14183665,